,episode_id,series_name,season,title,date_aired,run_time,monster_real,motive
0,1,"Scooby Doo, Where Are You!",1,What a Night for a Knight,9/13/69,21,FALSE,Theft
1,2,"Scooby Doo, Where Are You!",1,A Clue for Scooby Doo,9/20/69,22,FALSE,Theft
2,3,"Scooby Doo, Where Are You!",1,Hassle in the Castle,9/27/69,21,FALSE,Treasure
3,4,"Scooby Doo, Where Are You!",1,Mine Your Own Business,10/4/69,21,FALSE,Natural Resource
4,5,"Scooby Doo, Where Are You!",1,Decoy for a Dognapper,10/11/69,21,FALSE,Competition
5,6,"Scooby Doo, Where Are You!",1,What the Hex Going On?,10/18/69,21,FALSE,Extortion
6,7,"Scooby Doo, Where Are You!",1,Never Ape an Ape Man,10/25/69,21,FALSE,Competition
7,8,"Scooby Doo, Where Are You!",1,Foul Play in Funland,11/1/69,21,FALSE,Safety
8,9,"Scooby Doo, Where Are You!",1,The Backstage Rage,11/8/69,21,FALSE,Counterfeit
9,10,"Scooby Doo, Where Are You!",1,Bedlam in the Big Top,11/15/69,21,FALSE,Competition
10,11,"Scooby Doo, Where Are You!",1,A Gaggle of Galloping Ghosts,11/22/69,21,FALSE,Treasure
11,12,"Scooby Doo, Where Are You!",1,"Scooby-Doo and a Mummy, Too",11/29/69,21,FALSE,Theft
12,13,"Scooby Doo, Where Are You!",1,Which Witch is Which,12/6/69,21,FALSE,Theft
13,14,"Scooby Doo, Where Are You!",1,Go Away Ghost Ship,12/13/69,22,FALSE,Theft
14,15,"Scooby Doo, Where Are You!",1,Spooky Space Kook,12/20/69,21,FALSE,Competition
15,16,"Scooby Doo, Where Are You!",1,A Night of Fright Is No Delight,1/10/70,21,FALSE,Inheritance
16,17,"Scooby Doo, Where Are You!",1,Thats Snow Ghost,1/17/70,21,FALSE,Theft
17,18,"Scooby Doo, Where Are You!",2,Nowhere to Hyde,9/12/70,21,FALSE,Theft
18,19,"Scooby Doo, Where Are You!",2,Mystery Mask Mix-Up,9/19/70,21,FALSE,Smuggling
19,20,"Scooby Doo, Where Are You!",2,Scoobys Night with a Frozen Fright,9/26/70,21,FALSE,Theft
20,21,"Scooby Doo, Where Are You!",2,"Jeepers, Its the Creeper",10/3/70,21,FALSE,Theft
21,22,"Scooby Doo, Where Are You!",2,Haunted House Hang-Up,10/10/70,21,FALSE,Treasure
22,23,"Scooby Doo, Where Are You!",2,A Tiki Scare Is No Fair,10/17/70,21,FALSE,Theft
23,24,"Scooby Doo, Where Are You!",2,Whos Afraid of the Big Bad Werewolf?,10/24/70,21,FALSE,Smuggling
24,25,"Scooby Doo, Where Are You!",2,Dont Fool with a Phantom,10/31/70,21,FALSE,Theft
25,26,The New Scooby-Doo Movies,1,The Ghastly Ghost Town,9/9/72,43,FALSE,Natural Resource
26,27,The New Scooby-Doo Movies,1,The Dynamic Scooby-Doo Affair,9/16/72,41,FALSE,Counterfeit
27,28,The New Scooby-Doo Movies,1,Wednesday Is Missing,9/23/72,41,FALSE,Safety
28,29,The New Scooby-Doo Movies,1,The Frickert Fracas,9/30/72,43,FALSE,Treasure
29,30,The New Scooby-Doo Movies,1,Guess Whos Knott Coming to Dinner?,10/7/72,43,FALSE,Inheritance
30,31,The New Scooby-Doo Movies,1,A Good Medium Is Rare,10/14/72,41,FALSE,Theft
31,32,The New Scooby-Doo Movies,1,Sandy Duncans Jekyll and Hyde,10/21/72,41,FALSE,Preservation
32,33,The New Scooby-Doo Movies,1,The Secret of Shark Island,10/28/72,41,FALSE,Treasure
33,34,The New Scooby-Doo Movies,1,The Spooky Fog of Juneberry,11/4/72,43,FALSE,Theft
34,35,The New Scooby-Doo Movies,1,The Ghost of Bigfoot,11/11/72,43,FALSE,Theft
35,36,The New Scooby-Doo Movies,1,The Ghost of the Red Baron,11/18/72,43,FALSE,Competition
36,37,The New Scooby-Doo Movies,1,The Ghostly Creep from the Deep,11/25/72,43,FALSE,Natural Resource
37,38,The New Scooby-Doo Movies,1,The Haunted Horseman of Hagglethorn Hall,12/2/72,41,FALSE,Competition
38,39,The New Scooby-Doo Movies,1,The Phantom of the Country Music Hall,12/9/72,41,FALSE,Theft
39,40,The New Scooby-Doo Movies,1,The Caped Crusader Caper,12/16/72,43,FALSE,Theft
40,41,The New Scooby-Doo Movies,1,The Lochness Mess,12/23/72,43,FALSE,Treasure
41,42,The New Scooby-Doo Movies,2,The Mystery of Haunted Island,9/8/73,44,FALSE,Competition
42,43,The New Scooby-Doo Movies,2,The Haunted Showboat,9/15/73,43,FALSE,Counterfeit
43,44,The New Scooby-Doo Movies,2,Mystery in Persia,9/22/73,43,TRUE,Competition
44,45,The New Scooby-Doo Movies,2,The Spirited Spooked Sports Show,9/29/73,43,FALSE,Competition
45,46,The New Scooby-Doo Movies,2,The Exterminator,10/6/73,44,FALSE,Competition
46,47,The New Scooby-Doo Movies,2,The Weird Winds of Winona,10/13/73,44,FALSE,Competition
47,48,The New Scooby-Doo Movies,2,The Haunted Candy Factory,10/20/73,43,FALSE,Smuggling
48,49,The New Scooby-Doo Movies,2,The Haunted Carnival,10/27/73,43,FALSE,Competition
49,50,The Scooby-Doo Show,1,High Rise Hair Raiser,9/11/76,24,FALSE,Theft
50,51,The Scooby-Doo Show,1,The Fiesta Host is an Aztec Ghost,9/18/76,24,FALSE,Treasure
51,52,The Scooby-Doo Show,1,The Gruesome Game of the Gator Ghoul,9/25/76,24,FALSE,Competition
52,53,The Scooby-Doo Show,1,Whatta Shocking Ghost,10/2/76,24,FALSE,Competition
53,54,The Scooby-Doo Show,1,The Headless Horseman of Halloween,10/9/76,24,FALSE,Theft
54,55,The Scooby-Doo Show,1,Scared a Lot in Camelot,10/16/76,24,FALSE,Theft
55,56,The Scooby-Doo Show,1,The Harum-Scarum Sanitarium,10/23/76,24,FALSE,Smuggling
56,57,The Scooby-Doo Show,1,The No-Face Zombie Chase Case,10/30/76,24,FALSE,Theft
57,58,The Scooby-Doo Show,1,Mamba Wamba and the Voodoo Hoodoo,11/6/76,24,FALSE,Extortion
58,59,The Scooby-Doo Show,1,A Frightened Hound Meets Demons Underground,11/13/76,24,FALSE,Theft
59,60,The Scooby-Doo Show,1,A Bum Steer for Scooby,11/20/76,24,FALSE,Theft
60,61,The Scooby-Doo Show,1,Theres a Demon Shark in the Foggy Dark,11/25/76,24,FALSE,Smuggling
61,62,The Scooby-Doo Show,1,"Scooby-Doo, Wheres the Crew?",11/27/76,24,FALSE,Treasure
62,63,The Scooby-Doo Show,1,The Ghost That Sacked the Quarterback,12/4/76,24,FALSE,Competition
63,64,The Scooby-Doo Show,1,The Ghost of the Bad Humor Man,12/11/76,24,FALSE,Theft
64,65,The Scooby-Doo Show,1,The Spirits of 76,12/18/76,24,FALSE,Counterfeit
65,66,The Scooby-Doo Show,2,The Curse of the Viking Lake,9/10/77,24,FALSE,Natural Resource
66,67,Laff-a-Lympics,1,The Swiss Alps,9/10/77,12,,
67,68,Laff-a-Lympics,1,"Tokyo, Japan",9/10/77,12,,
68,69,The Scooby-Doo Show,2,Vampire Bats and Scaredy Cats,9/17/77,24,FALSE,Competition
69,70,Laff-a-Lympics,1,Acapulco,9/17/77,12,,
70,71,Laff-a-Lympics,1,England,9/17/77,12,,
71,72,The Scooby-Doo Show,2,"Hang in There, Scooby-Doo",9/24/77,24,FALSE,Theft
72,73,Laff-a-Lympics,1,Florida,9/24/77,12,,
73,74,Laff-a-Lympics,1,China,9/24/77,12,,
74,75,The Scooby-Doo Show,2,The Chiller Diller Movie Thriller,10/1/77,24,FALSE,Competition
75,76,Laff-a-Lympics,1,The Sahara Desert,10/1/77,12,,
76,77,Laff-a-Lympics,1,Scotland,10/1/77,12,TRUE,
77,78,The Scooby-Doo Show,2,The Spooky Case of the Grand Prix Race,10/8/77,24,FALSE,Theft
78,79,Laff-a-Lympics,1,France,10/8/77,11,,
79,80,Laff-a-Lympics,1,Australia,10/8/77,11,,
80,81,The Scooby-Doo Show,2,The Ozrk Witch,10/15/77,24,FALSE,Smuggling
81,82,Laff-a-Lympics,1,"Athens, Greece",10/15/77,12,,
82,83,Laff-a-Lympics,1,The Ozarks,10/15/77,12,,
83,84,The Scooby-Doo Show,2,Creepy Cruise,10/22/77,24,FALSE,Theft
84,85,Laff-a-Lympics,1,Italy,10/22/77,12,,
85,86,Laff-a-Lympics,1,"Kitty Hawk, North Carolina",10/22/77,12,,
86,87,The Scooby-Doo Show,2,The Creepy Heap from the Deep,10/29/77,24,FALSE,Smuggling
87,88,Laff-a-Lympics,1,Egypt,10/29/77,12,,
88,89,Laff-a-Lympics,1,Sherwood Forest,10/29/77,12,,
89,90,Laff-a-Lympics,1,Spain,11/5/77,12,,
90,91,Laff-a-Lympics,1,The Himalayas,11/5/77,12,TRUE,
91,92,Laff-a-Lympics,1,India,11/12/77,12,,
92,93,Laff-a-Lympics,1,Israel,11/12/77,12,,
93,94,Laff-a-Lympics,1,Africa,11/19/77,12,,
94,95,Laff-a-Lympics,1,San Francisco,11/19/77,12,,
95,96,Laff-a-Lympics,1,The Grand Canyon,11/26/77,12,,
96,97,Laff-a-Lympics,1,Ireland,11/26/77,12,TRUE,
97,98,Laff-a-Lympics,1,Hawaii,12/3/77,12,TRUE,
98,99,Laff-a-Lympics,1,Norway,12/3/77,12,,
99,100,Laff-a-Lympics,1,North Pole,12/10/77,12,,
100,101,Laff-a-Lympics,1,Tahiti,12/10/77,12,,
101,102,Laff-a-Lympics,1,Arizona,12/17/77,12,,
102,103,Laff-a-Lympics,1,Holland,12/17/77,12,,
103,104,Laff-a-Lympics,1,Quebec,12/24/77,12,,
104,105,Laff-a-Lympics,1,Baghdad,12/24/77,12,,
105,106,The Scooby-Doo Show,3,Watch Out! The Willawa!,9/9/78,22,FALSE,Smuggling
106,107,Laff-a-Lympics,2,Russia,9/9/78,12,,
107,108,Laff-a-Lympics,2,Caribbean,9/9/78,12,TRUE,
108,109,The Scooby-Doo Show,3,A Creepy Tangle in the Bermuda Triangle,9/16/78,23,FALSE,Theft
109,110,Laff-a-Lympics,2,New York,9/16/78,12,,
110,111,Laff-a-Lympics,2,Turkey,9/16/78,12,,
111,112,The Scooby-Doo Show,3,A Scary Night with a Snow Beast Fright,9/23/78,23,FALSE,Natural Resource
112,113,Laff-a-Lympics,2,South America,9/23/78,12,TRUE,
113,114,Laff-a-Lympics,2,Transylvania,9/23/78,12,TRUE,
114,115,The Scooby-Doo Show,3,To Switch a Witch,9/30/78,23,FALSE,Inheritance
115,116,Laff-a-Lympics,2,French Riviera,9/30/78,12,,
116,117,Laff-a-Lympics,2,New Zealand,9/30/78,12,,
117,118,The Scooby-Doo Show,3,The Tar Monster,10/7/78,22,FALSE,Treasure
118,119,Laff-a-Lympics,2,New Orleans,10/7/78,12,,
119,120,Laff-a-Lympics,2,Atlantis,10/7/78,12,TRUE,
120,121,The Scooby-Doo Show,3,A Highland Fling with a Monstrous Thing,10/14/78,23,FALSE,Smuggling
121,122,Laff-a-Lympics,2,Morocco,10/14/78,12,,
122,123,Laff-a-Lympics,2,Washington D.C.,10/14/78,12,,
123,124,The Scooby-Doo Show,3,The Creepy Case of Old Iron Face,10/21/78,23,FALSE,Smuggling
124,125,Laff-a-Lympics,2,Canada,10/21/78,12,,
125,126,Laff-a-Lympics,2,"Warsaw, Poland",10/21/78,12,,
126,127,The Scooby-Doo Show,3,"Jeepers, Its the Jaguaro!",10/28/78,22,FALSE,Natural Resource
127,128,Laff-a-Lympics,2,Siam,10/28/78,12,,
128,129,Laff-a-Lympics,2,The Moon,10/28/78,12,,
129,130,The Scooby-Doo Show,3,Make a Beeline Away from that Feline,11/4/78,23,FALSE,Theft
130,131,The Scooby-Doo Show,3,The Creepy Creature of Vultures Claw,11/11/78,23,FALSE,Natural Resource
131,132,The Scooby-Doo Show,3,The Diabolical Disc Demon,11/18/78,23,FALSE,Smuggling
132,133,The Scooby-Doo Show,3,Scoobys Chinese Fortune Kooky Caper,11/25/78,23,FALSE,Theft
133,134,The Scooby-Doo Show,3,A Menace in Venice,12/2/78,23,FALSE,Treasure
134,135,The Scooby-Doo Show,3,Dont Go Near the Fortress of Fear,12/9/78,23,FALSE,Treasure
135,136,The Scooby-Doo Show,3,The Warlock of Wimbledon,12/16/78,23,FALSE,Competition
136,137,The Scooby-Doo Show,3,The Beast is Awake in Bottomless Lake,12/23/78,23,FALSE,Smuggling
137,138,Scooby-Doo and Scrappy-Doo (first series),1,The Scarab Lives!,9/22/79,21,FALSE,Competition
138,139,Scooby-Doo and Scrappy-Doo (first series),1,The Night Ghoul of Wonderworld,9/29/79,21,FALSE,Theft
139,140,Scooby-Doo and Scrappy-Doo (first series),1,Strange Encounters of a Scooby Kind,10/6/79,21,FALSE,Smuggling
140,141,Scooby-Doo and Scrappy-Doo (first series),1,The Neon Phantom of the Roller Disco!,10/13/79,21,FALSE,Competition
141,142,Scooby-Doo and Scrappy-Doo (first series),1,"Shiver and Shake, That Demons a Snake",10/20/79,21,FALSE,Smuggling
142,143,Scooby-Doo and Scrappy-Doo (first series),1,The Scary Sky Skeleton,10/27/79,21,FALSE,Natural Resource
143,144,Scooby-Doo and Scrappy-Doo (first series),1,The Demon of the Dugout,11/3/79,21,FALSE,Theft
144,145,Scooby-Doo and Scrappy-Doo (first series),1,The Hairy Scare of the Devil Bear,11/10/79,21,FALSE,Treasure
145,146,Scooby-Doo and Scrappy-Doo (first series),1,Twenty Thousand Screams Under the Sea,11/17/79,21,FALSE,Treasure
146,147,Scooby-Doo and Scrappy-Doo (first series),1,I Left My Neck in San Francisco,11/24/79,21,FALSE,Theft
147,148,Scooby-Doo and Scrappy-Doo (first series),1,When You Wish Upon a Star Creature,12/1/79,21,FALSE,Theft
148,149,Scooby-Doo and Scrappy-Doo (first series),1,"The Ghoul, the Bat and the Ugly",12/8/79,21,FALSE,Theft
149,150,Scooby-Doo and Scrappy-Doo (first series),1,Rocky Mountain Yiiiii!,12/15/79,21,FALSE,Treasure
150,151,Scooby-Doo and Scrappy-Doo (first series),1,The Sorcerers a Menace,12/22/79,21,FALSE,Theft
151,152,Scooby-Doo and Scrappy-Doo (first series),1,"Lock the Door, Its a Minotaur!",12/29/79,21,FALSE,Treasure
152,153,Scooby-Doo and Scrappy-Doo (first series),1,The Ransom of Scooby Chief,1/5/80,21,,Extortion
153,154,Scooby-Doo and Scrappy-Doo (second series),1,A Close Encounter with a Strange Kind,11/8/80,8,TRUE,Experimentation
154,155,Scooby-Doo and Scrappy-Doo (second series),1,A Fit Night Out for Bats,11/8/80,8,TRUE,Food
155,156,Scooby-Doo and Scrappy-Doo (second series),1,The Chinese Food Factory,11/8/80,8,FALSE,Theft
156,157,Scooby-Doo and Scrappy-Doo (second series),1,Scoobys Desert Dilemma,11/15/80,8,TRUE,Experimentation
157,158,Scooby-Doo and Scrappy-Doo (second series),1,The Old Cat and Mouse Game,11/15/80,8,TRUE,Food
158,159,Scooby-Doo and Scrappy-Doo (second series),1,Stow-Aways,11/15/80,8,,Trespassing
159,160,Scooby-Doo and Scrappy-Doo (second series),1,Mummys the Word,11/22/80,8,TRUE,Trespassing
160,161,Scooby-Doo and Scrappy-Doo (second series),1,"Hang in There, Scooby",11/22/80,8,,
161,162,Scooby-Doo and Scrappy-Doo (second series),1,Stuntman Scooby,11/22/80,8,,
162,163,Scooby-Doo and Scrappy-Doo (second series),1,Scoobys Three Ding-a-Ling Circus,11/29/80,8,,Competition
163,164,Scooby-Doo and Scrappy-Doo (second series),1,Scoobys Fantastic Island,11/29/80,8,TRUE,Assistance
164,165,Scooby-Doo and Scrappy-Doo (second series),1,Long John Scrappy,11/29/80,8,TRUE,Abduction
165,166,Scooby-Doo and Scrappy-Doo (second series),1,Scoobys Bull Fright,12/6/80,8,,
166,167,Scooby-Doo and Scrappy-Doo (second series),1,Scooby Ghosts West,12/6/80,8,,Haunt
167,168,Scooby-Doo and Scrappy-Doo (second series),1,A Bungle in the Jungle,12/6/80,8,,Trespassing
168,169,Scooby-Doo and Scrappy-Doo (second series),1,Scoobys Fun Zone,12/13/80,8,,Anger
169,170,Scooby-Doo and Scrappy-Doo (second series),1,Swamp Witch,12/13/80,8,TRUE,Food
170,171,Scooby-Doo and Scrappy-Doo (second series),1,Sir Scooby and the Black Knight,12/13/80,8,TRUE,Trespassing
171,172,Scooby-Doo and Scrappy-Doo (second series),1,Waxworld,12/20/80,8,TRUE,Abduction
172,173,Scooby-Doo and Scrappy-Doo (second series),1,Scooby in Wonderland,12/20/80,8,FALSE,Imagination
173,174,Scooby-Doo and Scrappy-Doo (second series),1,Scrappys Birthday,12/20/80,8,,Anger
174,175,Scooby-Doo and Scrappy-Doo (second series),1,South Seas Scare,12/27/80,8,TRUE,Trespassing
175,176,Scooby-Doo and Scrappy-Doo (second series),1,Scoobys Swiss Miss,12/27/80,8,,Competition
176,177,Scooby-Doo and Scrappy-Doo (second series),1,Alaskan King Coward,12/27/80,8,TRUE,Food
177,178,Scooby-Doo and Scrappy-Doo (second series),1,"Et Tu, Scoob?",1/3/81,8,TRUE,Competition
178,179,Scooby-Doo and Scrappy-Doo (second series),1,Soggy Bog Scooby,1/3/81,8,TRUE,Food
179,180,Scooby-Doo and Scrappy-Doo (second series),1,Scooby Gumbo,1/3/81,8,,Trespassing
180,181,Scooby-Doo and Scrappy-Doo (second series),1,Way Out Scooby,1/10/81,8,,
181,182,Scooby-Doo and Scrappy-Doo (second series),1,Strongman Scooby,1/10/81,8,,Bully
182,183,Scooby-Doo and Scrappy-Doo (second series),1,Moonlight Madness,1/10/81,8,TRUE,Loneliness
183,184,Scooby-Doo and Scrappy-Doo (second series),1,Dog Tag Scooby,1/17/81,8,,Training
184,185,Scooby-Doo and Scrappy-Doo (second series),1,Scooby at the Center of the World,1/17/81,8,TRUE,Trespassing
185,186,Scooby-Doo and Scrappy-Doo (second series),1,Scoobys Trip to Ahz,1/17/81,8,FALSE,Imagination
186,187,Scooby-Doo and Scrappy-Doo (second series),1,A Fright at the Opera,1/24/81,8,TRUE,Trespassing
187,188,Scooby-Doo and Scrappy-Doo (second series),1,Robot Ranch,1/24/81,8,TRUE,Abduction
188,189,Scooby-Doo and Scrappy-Doo (second series),1,Surprised Spies,1/24/81,8,TRUE,Theft
189,190,Scooby-Doo and Scrappy-Doo (second series),1,The Invasion of the Scooby Snatchers,1/31/81,8,TRUE,Conquer
190,191,Scooby-Doo and Scrappy-Doo (second series),1,Scooby Dooby Guru,1/31/81,8,,Trespassing
191,192,Scooby-Doo and Scrappy-Doo (second series),1,Scooby and the Bandit,1/31/81,8,,Anger
192,193,Scooby-Doo and Scrappy-Doo (second series),2,Scooby-Nocchio,9/19/81,8,FALSE,Imagination
193,194,Scooby-Doo and Scrappy-Doo (second series),2,Lighthouse Keeper Scooby,9/19/81,8,TRUE,Trespassing
194,195,Scooby-Doo and Scrappy-Doo (second series),2,Scoobys Roots,9/19/81,8,TRUE,Mistake
195,196,Scooby-Doo and Scrappy-Doo (second series),2,Scoobys Escape from Atlantis,9/26/81,8,TRUE,Trespassing
196,197,Scooby-Doo and Scrappy-Doo (second series),2,Excalibur Scooby,9/26/81,8,TRUE,Assistance
197,198,Scooby-Doo and Scrappy-Doo (second series),2,Scooby Saves the World,9/26/81,8,TRUE,Conquer
198,199,Scooby-Doo and Scrappy-Doo (second series),2,Scooby-Dooby Goo,10/3/81,8,,
199,200,Scooby-Doo and Scrappy-Doo (second series),2,Rickshaw Scooby,10/3/81,8,TRUE,Trespassing
200,201,Scooby-Doo and Scrappy-Doo (second series),2,Scoobys Luck of the Irish,10/3/81,8,TRUE,Trespassing
201,202,Scooby-Doo and Scrappy-Doo (second series),2,Backstage Scooby,10/10/81,8,,
202,203,Scooby-Doo and Scrappy-Doo (second series),2,Scoobys House of Mystery,10/10/81,8,TRUE,Experimentation
203,204,Scooby-Doo and Scrappy-Doo (second series),2,Sweet Dreams Scooby,10/10/81,8,FALSE,Imagination
204,205,Scooby-Doo and Scrappy-Doo (second series),2,Scooby-Doo 2000,10/17/81,8,TRUE,Automated
205,206,Scooby-Doo and Scrappy-Doo (second series),2,Punk Rock Scooby,10/17/81,8,TRUE,Abduction
206,207,Scooby-Doo and Scrappy-Doo (second series),2,Canine to Five,10/17/81,8,TRUE,Food
207,208,Scooby-Doo and Scrappy-Doo (second series),2,Hard Hat Scooby,10/24/81,8,TRUE,Food
208,209,Scooby-Doo and Scrappy-Doo (second series),2,Hothouse Scooby,10/24/81,8,TRUE,Food
209,210,Scooby-Doo and Scrappy-Doo (second series),2,Pigskin Scooby,10/24/81,8,,
210,211,Scooby-Doo and Scrappy-Doo (second series),2,Sopwith Scooby,10/31/81,8,,Competition
211,212,Scooby-Doo and Scrappy-Doo (second series),2,Tenderbigfoot,10/31/81,8,TRUE,Theft
212,213,Scooby-Doo and Scrappy-Doo (second series),2,Scooby and the Beanstalk,10/31/81,8,TRUE,Food
213,214,Scooby-Doo and Scrappy-Doo (second series),3,Maltese Mackerel,9/25/82,8,,Theft
214,215,Scooby-Doo and Scrappy-Doo (second series),3,Dumb Waiter Caper,9/25/82,8,,Theft
215,216,Scooby-Doo and Scrappy-Doo (second series),3,Catfish Burglar Caper,10/2/82,8,FALSE,Theft
216,217,Scooby-Doo and Scrappy-Doo (second series),3,Movie Monster Menace,10/2/82,8,TRUE,Production
217,218,Scooby-Doo and Scrappy-Doo (second series),3,Super Teen Shaggy,10/9/82,8,,
218,219,Scooby-Doo and Scrappy-Doo (second series),3,Basketball Bumblers,10/9/82,8,,Competition
219,220,Scooby-Doo and Scrappy-Doo (second series),3,Beauty Constest Caper,10/16/82,8,,Competition
220,221,Scooby-Doo and Scrappy-Doo (second series),3,Stake-out at the Take-out,10/16/82,8,,Smuggling
221,222,Scooby-Doo and Scrappy-Doo (second series),3,Whos Scooby-Doo?,10/23/82,8,,Theft
222,223,Scooby-Doo and Scrappy-Doo (second series),3,Double Trouble Date,10/23/82,8,,
223,224,Scooby-Doo and Scrappy-Doo (second series),3,Cable Car Caper,10/30/82,8,,Theft
224,225,Scooby-Doo and Scrappy-Doo (second series),3,Muscle Trouble,10/30/82,8,,
225,226,Scooby-Doo and Scrappy-Doo (second series),3,Comic Book Caper,11/6/82,8,FALSE,Theft
226,227,Scooby-Doo and Scrappy-Doo (second series),3,Misfortune Teller,11/6/82,8,,
227,228,Scooby-Doo and Scrappy-Doo (second series),3,A Gem of a Case,11/13/82,8,,Theft
228,229,Scooby-Doo and Scrappy-Doo (second series),3,From Bad to Curse,11/13/82,8,,Competition
229,230,Scooby-Doo and Scrappy-Doo (second series),3,Disappearing Car Caper,11/20/82,8,,Theft
230,231,Scooby-Doo and Scrappy-Doo (second series),3,Scooby-Doo and Genie-Poo,11/20/82,8,TRUE,Abduction
231,232,Scooby-Doo and Scrappy-Doo (second series),3,Close Encounter of the Worst Kind,11/27/82,8,TRUE,Abduction
232,233,Scooby-Doo and Scrappy-Doo (second series),3,Captain Canine Caper,11/27/82,8,FALSE,Extortion
233,234,Scooby-Doo and Scrappy-Doo (second series),3,The Incredible Cat Lady Caper,12/4/82,8,FALSE,Theft
234,235,Scooby-Doo and Scrappy-Doo (second series),3,Picnic Poopers,12/4/82,8,,
235,236,Scooby-Doo and Scrappy-Doo (second series),3,One Million Years Before Lunch,12/11/82,8,TRUE,Abduction
236,237,Scooby-Doo and Scrappy-Doo (second series),3,Wheres the Wolf,12/11/82,8,TRUE,Food
237,238,Scooby-Doo and Scrappy-Doo (second series),3,Hoedown Showdown,12/19/82,8,,
238,239,Scooby-Doo and Scrappy-Doo (second series),3,Snow Job Too Small,12/19/82,8,FALSE,Inheritance
239,240,The New Scooby and Scrappy Doo Show,1,Scooby the Barbarian,9/10/83,11,FALSE,Theft
240,241,The New Scooby and Scrappy Doo Show,1,No Sharking Zone,9/10/83,11,FALSE,Treasure
241,242,The New Scooby and Scrappy Doo Show,1,Scoobygeist,9/10/83,11,TRUE,Trespassing
242,243,The New Scooby and Scrappy Doo Show,1,The Quagmire Quake Caper,9/10/83,11,FALSE,Theft
243,244,The New Scooby and Scrappy Doo Show,1,Hound of the Scoobyvilles,9/17/83,11,FALSE,Inheritance
244,245,The New Scooby and Scrappy Doo Show,1,The Dinosaur Deception,9/17/83,11,FALSE,Treasure
245,246,The New Scooby and Scrappy Doo Show,1,The Creature Came from The Chemlab,9/17/83,11,FALSE,Theft
246,247,The New Scooby and Scrappy Doo Show,1,"No Thanks, Masked Manx",9/17/83,11,FALSE,Theft
247,248,The New Scooby and Scrappy Doo Show,1,Scooby of the Jungle,9/24/83,11,FALSE,Smuggling
248,249,The New Scooby and Scrappy Doo Show,1,"Scooby-Doo and Cyclops, Too",9/24/83,11,FALSE,Natural Resource
249,250,The New Scooby and Scrappy Doo Show,1,Scooby Roo,10/1/83,11,FALSE,Natural Resource
250,251,The New Scooby and Scrappy Doo Show,1,Scoobys Gold Medal Gambit,10/1/83,11,,Theft
251,252,The New Scooby and Scrappy Doo Show,1,Wizards and Warlocks,10/8/83,11,TRUE,Competition
252,253,The New Scooby and Scrappy Doo Show,1,Scoobsie,10/8/83,11,FALSE,Competition
253,254,The New Scooby and Scrappy Doo Show,1,The Mark of Scooby,10/15/83,11,,Imagination
254,255,The New Scooby and Scrappy Doo Show,1,The Crazy Carnival Caper,10/15/83,11,FALSE,Theft
255,256,The New Scooby and Scrappy Doo Show,1,Scooby and the Minotaur,10/29/83,11,FALSE,Treasure
256,257,The New Scooby and Scrappy Doo Show,1,Scooby Pinch Hits,10/29/83,11,FALSE,Competition
257,258,The New Scooby and Scrappy Doo Show,1,The Fall Dog,11/5/83,11,FALSE,Competition
258,259,The New Scooby and Scrappy Doo Show,1,The Scooby Coupe,11/5/83,11,FALSE,Competition
259,260,The New Scooby and Scrappy Doo Show,1,Whos Minding the Monster,11/26/83,11,TRUE,Experimentation
260,261,The New Scooby and Scrappy Doo Show,1,Scooby ala Mode,11/26/83,11,FALSE,Competition
261,262,The New Scooby and Scrappy Doo Show,1,Wheres Scooby-Doo?,12/3/83,23,FALSE,Smuggling
262,263,The New Scooby and Scrappy Doo Show,1,Wedding Bell Boos!,12/10/83,23,FALSE,Treasure
263,264,The New Scooby-Doo Mysteries,1,"Happy Birthday, Scooby-Doo",9/8/84,23,FALSE,Theft
264,265,The New Scooby-Doo Mysteries,1,Scoobys Peep-Hole Pandemonium,9/15/84,11,FALSE,Theft
265,266,The New Scooby-Doo Mysteries,1,The Hand of Horror,9/15/84,11,FALSE,Theft
266,267,The New Scooby-Doo Mysteries,1,Scoo-Be or Not Scoo-Be?,9/22/84,11,FALSE,Natural Resource
267,268,The New Scooby-Doo Mysteries,1,The Stoney Glare Stare,9/22/84,11,FALSE,Treasure
268,269,The New Scooby-Doo Mysteries,1,Mission: Un-Doo-Able,9/29/84,11,FALSE,Conquer
269,270,The New Scooby-Doo Mysteries,1,The Bee Team,9/29/84,11,FALSE,Competition
270,271,The New Scooby-Doo Mysteries,1,Doom Service,10/6/84,11,FALSE,Theft
271,272,The New Scooby-Doo Mysteries,1,A Code in the Nose,10/6/84,11,,Theft
272,273,The New Scooby-Doo Mysteries,1,Ghost of the Ancient Astronauts,10/13/84,23,FALSE,Treasure
273,274,The New Scooby-Doo Mysteries,1,The Night of Living Toys,10/20/84,11,FALSE,Treasure
274,275,The New Scooby-Doo Mysteries,1,South Pole Vault,10/20/84,11,FALSE,Competition
275,276,The New Scooby-Doo Mysteries,1,A Halloween Hassle at Draculas Castle,10/27/84,23,FALSE,Theft
276,277,The New Scooby-Doo Mysteries,1,A Night Louse at the White House,11/3/84,23,FALSE,Theft
277,278,The New Scooby-Doo Mysteries,1,Showboat Scooby,11/10/84,11,FALSE,Treasure
278,279,The New Scooby-Doo Mysteries,1,The Dooby Dooby Doo Ado,11/10/84,11,,Smuggling
279,280,The New Scooby-Doo Mysteries,1,Sherlock Doo,11/17/84,23,FALSE,Theft
280,281,The New Scooby-Doo Mysteries,1,A Scarey Duel with a Cartoon Ghoul,11/24/84,11,FALSE,Theft
281,282,The New Scooby-Doo Mysteries,1,E*I*E*I*O,11/24/84,11,FALSE,Competition
282,283,The New Scooby-Doo Mysteries,1,The Nutcracker Scoob,12/1/84,23,FALSE,Treasure
283,284,The 13 Ghosts of Scooby-Doo,1,To All the Ghouls Ive Loved Before,9/7/85,24,TRUE,Assistance
284,285,The 13 Ghosts of Scooby-Doo,1,Scoobra Kadoobra,9/14/85,24,TRUE,Conquer
285,286,The 13 Ghosts of Scooby-Doo,1,Me and My Shadow Demon,9/21/85,24,TRUE,Conquer
286,287,The 13 Ghosts of Scooby-Doo,1,Reflections in the Ghoulish Eye,9/28/85,24,TRUE,Conquer
287,288,The 13 Ghosts of Scooby-Doo,1,Thats Monstertainment,10/5/85,24,TRUE,Conquer
288,289,The 13 Ghosts of Scooby-Doo,1,Ship of Ghouls,10/12/85,24,TRUE,Conquer
289,290,The 13 Ghosts of Scooby-Doo,1,A Spooky Little Ghoul Like You,10/19/85,24,TRUE,Conquer
290,291,The 13 Ghosts of Scooby-Doo,1,When You Witch Upon a Star,10/26/85,24,TRUE,Conquer
291,292,The 13 Ghosts of Scooby-Doo,1,Its a Wonderful Scoob,11/2/85,24,TRUE,Conquer
292,293,The 13 Ghosts of Scooby-Doo,1,Scooby in Kwacky Land,11/9/85,24,TRUE,Conquer
293,294,The 13 Ghosts of Scooby-Doo,1,Coast-to-Ghost,11/16/85,24,TRUE,Conquer
294,295,The 13 Ghosts of Scooby-Doo,1,The Ghouliest Show on Earth,11/23/85,24,TRUE,Conquer
295,296,The 13 Ghosts of Scooby-Doo,1,Horror-Scope Scoob,12/7/85,24,TRUE,Conquer
296,297,A Pup Named Scooby-Doo,1,A Bicycle Built for Boo,9/10/88,23,FALSE,Counterfeit
297,298,A Pup Named Scooby-Doo,1,The Sludge Monster from the Earths Core,9/17/88,23,FALSE,Theft
298,299,A Pup Named Scooby-Doo,1,The Schnoock Who Took My Comic Book,9/24/88,23,FALSE,Theft
299,300,A Pup Named Scooby-Doo,1,Wanted Cheddar Alive,10/1/88,23,FALSE,Competition
300,301,A Pup Named Scooby-Doo,1,For Letter or Worse,10/8/88,23,FALSE,Competition
301,302,A Pup Named Scooby-Doo,1,The Babysitter from Beyond,10/15/88,23,FALSE,Theft
302,303,A Pup Named Scooby-Doo,1,Snow Place Like Home,10/22/88,23,FALSE,Natural Resource
303,304,A Pup Named Scooby-Doo,1,"Now Museum, Now You Dont ",10/29/88,23,FALSE,Theft
304,305,A Pup Named Scooby-Doo,1,Scooby Dude,11/5/88,23,FALSE,Smuggling
305,306,A Pup Named Scooby-Doo,1,Ghost Whos Coming to Dinner,11/12/88,23,FALSE,Competition
306,307,A Pup Named Scooby-Doo,1,The Story Stick,11/19/88,23,FALSE,Competition
307,308,A Pup Named Scooby-Doo,1,Robopup,11/26/88,23,FALSE,Theft
308,309,A Pup Named Scooby-Doo,1,Lights...Camera...Monster,12/3/88,23,FALSE,Theft
309,310,A Pup Named Scooby-Doo,2,Curse of the Collar,9/9/89,23,FALSE,Theft
310,311,A Pup Named Scooby-Doo,2,The Return of Commander Cool,9/16/89,23,FALSE,Theft
311,312,A Pup Named Scooby-Doo,2,The Spirit of Rockn Roll,9/23/89,23,FALSE,Theft
312,313,A Pup Named Scooby-Doo,2,Chickenstein Lives,9/30/89,23,FALSE,Smuggling
313,314,A Pup Named Scooby-Doo,2,Night of the Living Burger,10/7/89,23,FALSE,Competition
314,315,A Pup Named Scooby-Doo,2,The Computer Walks Among Us,10/14/89,23,FALSE,Competition
315,316,A Pup Named Scooby-Doo,2,Don Gone Scooby,10/21/89,23,,Assistance
316,317,A Pup Named Scooby-Doo,2,"Terror, Thy Name is Zombo",10/28/89,23,FALSE,Competition
317,318,A Pup Named Scooby-Doo,3,Night of the Boogey Biker,9/8/90,11,FALSE,Assistance
318,319,A Pup Named Scooby-Doo,3,Dawn of the Spooky Shuttle Scare,9/8/90,11,FALSE,Competition
319,320,A Pup Named Scooby-Doo,3,Horror of the Haunted Hairpiece,10/6/90,23,FALSE,Competition
320,321,A Pup Named Scooby-Doo,3,Wrestle Maniacs,11/3/90,23,FALSE,Competition
321,322,A Pup Named Scooby-Doo,4,The Were-Doo of Doo Manor,8/3/91,23,FALSE,Treasure
322,323,A Pup Named Scooby-Doo,4,Catcher on the Sly,8/10/91,4,,Abduction
323,324,A Pup Named Scooby-Doo,4,The Ghost of Mrs. Shusham,8/10/91,11,FALSE,Theft
324,325,A Pup Named Scooby-Doo,4,The Wrath of Waitro,8/10/91,8,,
325,326,A Pup Named Scooby-Doo,4,Mayhem of the Moving Mollusk,8/17/91,23,FALSE,Competition
326,327,Whats New Scooby-Doo?,1,Theres No Creature Like Snow Creature,9/14/02,21,FALSE,Competition
327,328,Whats New Scooby-Doo?,1,3-D Struction,9/21/02,21,FALSE,Natural Resource
328,329,Whats New Scooby-Doo?,1,Space Ape and the Cape,9/28/02,21,FALSE,Competition
329,330,Whats New Scooby-Doo?,1,Big Scare in the Big Easy,10/5/02,21,FALSE,Competition
330,331,Whats New Scooby-Doo?,1,"Its Mean, Its Green, Its the Mystery Machine",10/26/02,21,FALSE,Competition
331,332,Whats New Scooby-Doo?,1,Riva Ras Regas,11/2/02,21,FALSE,Competition
332,333,Whats New Scooby-Doo?,1,Roller Ghoster Ride,11/9/02,21,FALSE,Competition
333,334,Whats New Scooby-Doo?,1,"Safari, So Goodie!",11/23/02,21,FALSE,Smuggling
334,335,Whats New Scooby-Doo?,1,She Sees Sea Monsters by the Sea Shore,11/30/02,21,FALSE,Preservation
335,336,Whats New Scooby-Doo?,1,A Scooby-Doo! Christmas,12/13/02,21,FALSE,Treasure
336,337,Whats New Scooby-Doo?,1,Toy Scary Boo,2/1/03,21,FALSE,Treasure
337,338,Whats New Scooby-Doo?,1,Lights! Camera! Mayhem!,2/15/03,21,FALSE,Competition
338,339,Whats New Scooby-Doo?,1,Pompii and Circumstance,2/22/03,21,FALSE,Competition
339,340,Whats New Scooby-Doo?,1,The Unnatural,3/22/03,21,FALSE,Competition
340,341,Whats New Scooby-Doo?,2,Big Appetite in Little Tokyo,9/13/03,21,FALSE,Competition
341,342,Whats New Scooby-Doo?,2,Mummy Scares Best,9/20/03,21,FALSE,Competition
342,343,Whats New Scooby-Doo?,2,The Fast and the Wormious,9/27/03,21,FALSE,Competition
343,344,Whats New Scooby-Doo?,2,High-Tech House of Horrors,10/4/03,21,TRUE,Competition
344,345,Whats New Scooby-Doo?,2,The Vampire Strikes Back,10/18/03,21,FALSE,Competition
345,346,Whats New Scooby-Doo?,2,A Scooby-Doo Halloween,10/25/03,21,FALSE,Competition
346,347,Whats New Scooby-Doo?,2,Homeward Hound,10/25/03,21,FALSE,Competition
347,348,Whats New Scooby-Doo?,2,The San Franpsycho,3/20/04,21,FALSE,Competition
348,349,Whats New Scooby-Doo?,2,Simple Plan and the Invisible Madman,3/22/04,21,FALSE,Competition
349,350,Whats New Scooby-Doo?,2,Recipe for Disaster,3/23/04,21,FALSE,Competition
350,351,Whats New Scooby-Doo?,2,Large Dragon at Large,3/24/04,21,FALSE,Treasure
351,352,Whats New Scooby-Doo?,2,Uncle Scooby and Antarctica,3/25/04,21,FALSE,Preservation
352,353,Whats New Scooby-Doo?,2,"New Mexico, Old Monster",3/26/04,21,FALSE,Preservation
353,354,Whats New Scooby-Doo?,2,Its All Greek to Scooby,3/27/04,21,FALSE,Treasure
354,355,Whats New Scooby-Doo?,3,Fright House of a Lighthouse,1/29/05,21,FALSE,Competition
355,356,Whats New Scooby-Doo?,3,"Go West, Young Scoob",2/5/05,21,FALSE,Competition
356,357,Whats New Scooby-Doo?,3,A Scooby-Doo Valentine,2/11/05,21,FALSE,Competition
357,358,Whats New Scooby-Doo?,3,Wrestle Maniacs,2/12/05,21,FALSE,Competition
358,359,Whats New Scooby-Doo?,3,Ready to Scare,2/19/05,21,FALSE,Competition
359,360,Whats New Scooby-Doo?,3,Farmed & Dangerous,2/25/05,21,FALSE,Competition
360,361,Whats New Scooby-Doo?,3,Diamonds Are a Ghouls Best Friend,3/3/05,21,FALSE,Theft
361,362,Whats New Scooby-Doo?,3,A Terrifying Round with a Menacing Metallic Clown,3/12/05,21,FALSE,Competition
362,363,Whats New Scooby-Doo?,3,Camp Comeoniwannascareya,3/19/05,21,FALSE,Preservation
363,364,Whats New Scooby-Doo?,3,Block-Long Hong Kong Terror,3/26/05,21,FALSE,Competition
364,365,Whats New Scooby-Doo?,3,"Gentlemen, Start Your Monsters!",4/2/05,21,FALSE,Competition
365,366,Whats New Scooby-Doo?,3,Gold Paw,4/9/05,21,FALSE,Competition
366,367,Whats New Scooby-Doo?,3,Reef Grief!,4/19/05,21,TRUE,Competition
367,368,Whats New Scooby-Doo?,3,E-Scream,7/21/06,21,FALSE,Simulation
368,369,Shaggy & Scooby-Doo Get a Clue!,1,Shags to Riches,9/23/06,23,TRUE,Theft
369,370,Shaggy & Scooby-Doo Get a Clue!,1,More Fondue for Scooby-Doo,9/30/06,22,TRUE,Conquer
370,371,Shaggy & Scooby-Doo Get a Clue!,1,High Society Scooby,10/7/06,23,TRUE,Conquer
371,372,Shaggy & Scooby-Doo Get a Clue!,1,Party Arty,11/4/06,23,TRUE,Abduction
372,373,Shaggy & Scooby-Doo Get a Clue!,1,Smart House,11/11/06,23,TRUE,Conquer
373,374,Shaggy & Scooby-Doo Get a Clue!,1,Lightning Strikes Twice,11/18/06,22,TRUE,Conquer
374,375,Shaggy & Scooby-Doo Get a Clue!,1,Dont Feed the Animals,2/2/07,23,TRUE,Treasure
375,376,Shaggy & Scooby-Doo Get a Clue!,1,Mysterty of the Missing Mystery Solvers,2/10/07,23,TRUE,Abduction
376,377,Shaggy & Scooby-Doo Get a Clue!,1,Chefs of Steel,2/17/07,22,TRUE,Competition
377,378,Shaggy & Scooby-Doo Get a Clue!,1,Almost Ghosts,2/24/07,23,TRUE,Theft
378,379,Shaggy & Scooby-Doo Get a Clue!,1,Pole to Pole,3/3/07,22,TRUE,Conquer
379,380,Shaggy & Scooby-Doo Get a Clue!,1,Big Trouble,4/28/07,23,TRUE,Conquer
380,381,Shaggy & Scooby-Doo Get a Clue!,1,Operation Dog and Hippy Boy,5/5/07,22,TRUE,Conquer
381,382,Shaggy & Scooby-Doo Get a Clue!,2,Shaggy and Scooby World,9/22/07,23,TRUE,Conquer
382,383,Shaggy & Scooby-Doo Get a Clue!,2,Almost Purr-fect,9/29/07,23,TRUE,Theft
383,384,Shaggy & Scooby-Doo Get a Clue!,2,Inside Job,10/6/07,22,TRUE,Conquer
384,385,Shaggy & Scooby-Doo Get a Clue!,2,Zoinksman,10/13/07,23,TRUE,Conquer
385,386,Shaggy & Scooby-Doo Get a Clue!,2,The Many Faces of Evil,11/3/07,23,TRUE,Conquer
386,387,Shaggy & Scooby-Doo Get a Clue!,2,Crusin for a Brusin,11/10/07,22,TRUE,Conquer
387,388,Shaggy & Scooby-Doo Get a Clue!,2,Theres a Doctor in the House,12/1/07,23,TRUE,Conquer
388,389,Shaggy & Scooby-Doo Get a Clue!,2,Super Scary Movie Night,1/26/08,22,TRUE,Conquer
389,390,Shaggy & Scooby-Doo Get a Clue!,2,Runaway Robi,2/2/08,23,TRUE,Conquer
390,391,Shaggy & Scooby-Doo Get a Clue!,2,Dont Get a Big Head,2/16/08,23,TRUE,Conquer
391,392,Shaggy & Scooby-Doo Get a Clue!,2,Scooby Dudes,2/23/08,23,TRUE,Conquer
392,393,Shaggy & Scooby-Doo Get a Clue!,2,Zoinks the Wonder Dog,3/8/08,23,TRUE,Conquer
393,394,Shaggy & Scooby-Doo Get a Clue!,2,Uncle Albert Alert,3/15/08,23,TRUE,Conquer
394,395,Scooby-Doo Mystery Incorporated,1,Beware the Beast From Below,4/5/10,23,FALSE,Theft
395,396,Scooby-Doo Mystery Incorporated,1,The Creeping Creatures,7/19/10,23,FALSE,Counterfeit
396,397,Scooby-Doo Mystery Incorporated,1,The Secret of the Ghost Rig,7/26/10,23,FALSE,Theft
397,398,Scooby-Doo Mystery Incorporated,1,Revenge of the Man Crab,8/2/10,22,FALSE,Competition
398,399,Scooby-Doo Mystery Incorporated,1,The Song of Mystery,8/9/10,22,FALSE,Competition
399,400,Scooby-Doo Mystery Incorporated,1,The Legend of Alice May,8/16/10,23,FALSE,Competition
400,401,Scooby-Doo Mystery Incorporated,1,In Fear of the Phantom,8/23/10,23,FALSE,Competition
401,402,Scooby-Doo Mystery Incorporated,1,The Grasp of the Gnome,8/30/10,23,FALSE,Competition
402,403,Scooby-Doo Mystery Incorporated,1,Battle of the Humungonauts,9/7/10,23,FALSE,Competition
403,404,Scooby-Doo Mystery Incorporated,1,Howl of the Fright Hound,10/4/10,23,FALSE,Competition
404,405,Scooby-Doo Mystery Incorporated,1,The Secret Serum,10/11/10,22,FALSE,Theft
405,406,Scooby-Doo Mystery Incorporated,1,The Shrieking Madness,10/18/10,22,FALSE,Competition
406,407,Scooby-Doo Mystery Incorporated,1,When the Cicada Calls,10/25/10,22,FALSE,Preservation
407,408,Scooby-Doo Mystery Incorporated,1,Mystery Solvers Club State Finals,5/3/11,22,FALSE,Imagination
408,409,Scooby-Doo Mystery Incorporated,1,The Wild Brood,5/10/11,22,FALSE,Competition
409,410,Scooby-Doo Mystery Incorporated,1,Where Walks Aphrodite,5/17/11,21,FALSE,Competition
410,411,Scooby-Doo Mystery Incorporated,1,Escape from Mystery Manor,5/24/11,22,TRUE,Preservation
411,412,Scooby-Doo Mystery Incorporated,1,The Dragons Secret,5/31/11,22,FALSE,Theft
412,413,Scooby-Doo Mystery Incorporated,1,Nightfright,6/7/11,22,FALSE,Competition
413,414,Scooby-Doo Mystery Incorporated,1,The Sirens Song,6/14/11,23,FALSE,Natural Resource
414,415,Scooby-Doo Mystery Incorporated,1,Menace of the Manticore,6/21/11,22,FALSE,Competition
415,416,Scooby-Doo Mystery Incorporated,1,Attack of the Headless Horror,6/28/11,22,FALSE,Competition
416,417,Scooby-Doo Mystery Incorporated,1,A Haunting in Crystal Cove,7/5/11,22,FALSE,Theft
417,418,Scooby-Doo Mystery Incorporated,1,Dead Justice,7/12/11,22,FALSE,Competition
418,419,Scooby-Doo Mystery Incorporated,1,Pawn of Shadows,7/19/11,23,FALSE,Theft
419,420,Scooby-Doo Mystery Incorporated,1,All Fear the Freak,7/26/11,23,FALSE,Theft
420,421,Scooby-Doo Mystery Incorporated,2,The Night the Clown Cried,7/30/12,23,FALSE,
421,422,Scooby-Doo Mystery Incorporated,2,The House of the Nightmare Witch,7/31/12,23,FALSE,Smuggling
422,423,Scooby-Doo Mystery Incorporated,2,The Night the Clown Cried II - Tears of Doom,8/1/12,23,FALSE,Abduction
423,424,Scooby-Doo Mystery Incorporated,2,Web of the Dreamweaver!,8/2/12,23,FALSE,Competition
424,425,Scooby-Doo Mystery Incorporated,2,The Hodag of Horror,8/3/12,23,FALSE,Theft
425,426,Scooby-Doo Mystery Incorporated,2,Art of Darkness,8/6/12,23,FALSE,Competition
426,427,Scooby-Doo Mystery Incorporated,2,The Gathering Gloom,8/7/12,22,FALSE,Natural Resource
427,428,Scooby-Doo Mystery Incorporated,2,Night on Haunted Mountain,8/8/12,23,FALSE,Treasure
428,429,Scooby-Doo Mystery Incorporated,2,Grrim Judgment,8/9/12,23,FALSE,Competition
429,430,Scooby-Doo Mystery Incorporated,2,Night Terrors,8/10/12,23,FALSE,Competition
430,431,Scooby-Doo Mystery Incorporated,2,The Midnight Zone,8/13/12,22,TRUE,Theft
431,432,Scooby-Doo Mystery Incorporated,2,Scarebear,8/14/12,23,FALSE,Preservation
432,433,Scooby-Doo Mystery Incorporated,2,Wrath of the Krampus,8/15/12,22,FALSE,Theft
433,434,Scooby-Doo Mystery Incorporated,2,Heart of Evil,8/16/12,22,FALSE,Theft
434,435,Scooby-Doo Mystery Incorporated,2,Theater of Doom,8/17/12,22,FALSE,Theft
435,436,Scooby-Doo Mystery Incorporated,2,Aliens Among Us,3/25/13,22,FALSE,Theft
436,437,Scooby-Doo Mystery Incorporated,2,The Horrible Herd,3/25/13,22,FALSE,Theft
437,438,Scooby-Doo Mystery Incorporated,2,Dance of the Undead,3/26/13,22,FALSE,Competition
438,439,Scooby-Doo Mystery Incorporated,2,The Devouring,3/27/13,23,FALSE,Competition
439,440,Scooby-Doo Mystery Incorporated,2,Stand and Deliver,3/28/13,22,FALSE,Competition
440,441,Scooby-Doo Mystery Incorporated,2,The Man in the Mirror,3/29/13,22,FALSE,Theft
441,442,Scooby-Doo Mystery Incorporated,2,Nightmare in Red,4/2/13,23,FALSE,Preservation
442,443,Scooby-Doo Mystery Incorporated,2,Dark Night of Hunters,4/3/13,22,FALSE,Competition
443,444,Scooby-Doo Mystery Incorporated,2,Gates of Gloom,4/4/13,23,FALSE,Treasure
444,445,Scooby-Doo Mystery Incorporated,2,Through the Curtain,4/5/13,22,TRUE,Conquer
445,446,Scooby-Doo Mystery Incorporated,2,Come Undone,4/5/13,22,TRUE,Conquer
446,448,"Be Cool, Scooby-Doo!",1,Game of Chicken,10/6/15,22,FALSE,Treasure
447,449,"Be Cool, Scooby-Doo!",1,All Pawns on Deck,10/7/15,22,FALSE,Treasure
448,450,"Be Cool, Scooby-Doo!",1,Poodle Justice,10/8/15,22,FALSE,Competition
449,451,"Be Cool, Scooby-Doo!",1,Grand Scam,10/9/15,22,FALSE,Competition
450,452,"Be Cool, Scooby-Doo!",1,Trading Chase,10/12/15,22,FALSE,Theft
451,453,"Be Cool, Scooby-Doo!",1,"Be Quiet, Scooby-Doo!",10/15/15,22,FALSE,Competition
452,454,"Be Cool, Scooby-Doo!",1,Party Like Its 1899,10/19/15,22,FALSE,Theft
453,455,"Be Cool, Scooby-Doo!",1,Screama Donna,10/20/15,22,FALSE,Competition
454,456,"Be Cool, Scooby-Doo!",1,Kitchen Frightmare,10/21/15,22,FALSE,Competition
455,457,"Be Cool, Scooby-Doo!",1,"Me, Myself, and A.I.",10/22/15,22,FALSE,Competition
456,458,"Be Cool, Scooby-Doo!",1,Area 51 Adjacent,10/23/15,22,FALSE,Competition
457,459,"Be Cool, Scooby-Doo!",1,"Where Theres a Will, Theres a Wraith",10/28/15,22,FALSE,Inheritance
458,460,"Be Cool, Scooby-Doo!",1,Scary Christmas,12/5/15,22,FALSE,Theft
459,461,"Be Cool, Scooby-Doo!",1,"If You Cant Scooby-Doo the Time,Dont Scooby-Doo the Crime",12/10/15,24,FALSE,Theft
460,462,"Be Cool, Scooby-Doo!",1,Gremlin on a Plane,2/13/16,22,FALSE,Competition
461,463,"Be Cool, Scooby-Doo!",1,Sorcerer Snacks Scare,2/20/16,22,FALSE,Competition
462,464,"Be Cool, Scooby-Doo!",1,Saga of the Swamp Beast,2/27/16,22,FALSE,Theft
463,465,"Be Cool, Scooby-Doo!",1,"Be Cold, Scooby-Doo!",3/5/16,22,FALSE,Preservation
464,466,"Be Cool, Scooby-Doo!",1,Giant Problems,3/12/16,22,FALSE,Competition
465,467,"Be Cool, Scooby-Doo!",1,Eating Crow,3/23/16,22,FALSE,Natural Resource
466,468,"Be Cool, Scooby-Doo!",1,I Scooby Dooby Do,6/20/17,22,FALSE,Competition
467,469,"Be Cool, Scooby-Doo!",1,El Bandito,6/20/17,22,FALSE,Treasure
468,470,"Be Cool, Scooby-Doo!",1,Into the Mouth Madcap,6/20/17,22,FALSE,Competition
469,471,"Be Cool, Scooby-Doo!",1,The Norse Case Scenario,6/20/17,22,FALSE,Natural Resource
470,472,"Be Cool, Scooby-Doo!",1,The People vs. Fred Jones,6/20/17,22,FALSE,Theft
471,473,"Be Cool, Scooby-Doo!",2,Some Fred Time,11/14/17,22,FALSE,Competition
472,474,"Be Cool, Scooby-Doo!",2,There Wolf,11/15/17,22,FALSE,Theft
473,475,"Be Cool, Scooby-Doo!",2,Renn Scare,11/15/17,22,FALSE,Competition
474,476,"Be Cool, Scooby-Doo!",2,How to Train Your Coward,12/21/17,22,FALSE,Theft
475,477,"Be Cool, Scooby-Doo!",2,Worst in Show,11/17/17,22,FALSE,Competition
476,478,"Be Cool, Scooby-Doo!",2,Mysteries on the Disorient Express,11/18/17,22,FALSE,Theft
477,479,"Be Cool, Scooby-Doo!",2,Halloween,9/28/17,22,FALSE,Competition
478,480,"Be Cool, Scooby-Doo!",2,The Curse of Kaniaku,11/19/17,22,FALSE,Competition
479,481,"Be Cool, Scooby-Doo!",2,Vote Velma,11/19/17,22,FALSE,Competition
480,482,"Be Cool, Scooby-Doo!",2,Scroogey Doo,11/30/17,22,FALSE,Theft
481,483,"Be Cool, Scooby-Doo!",2,In Space,11/20/17,22,FALSE,Natural Resource
482,484,"Be Cool, Scooby-Doo!",2,Doo Not Distrub,11/21/17,22,FALSE,Competition
483,485,"Be Cool, Scooby-Doo!",2,Silver Scream,11/22/17,22,FALSE,Competition
484,486,"Be Cool, Scooby-Doo!",2,Fright of Hand,11/22/17,22,FALSE,Competition
485,487,"Be Cool, Scooby-Doo!",2,Greece in the World,11/23/17,22,FALSE,Competition
486,488,"Be Cool, Scooby-Doo!",2,American Goth,3/8/18,22,FALSE,Competition
487,489,"Be Cool, Scooby-Doo!",2,Omelettes Are Forever,3/9/18,22,FALSE,Competition
488,490,"Be Cool, Scooby-Doo!",2,Ghost in the Mystery Machine,3/10/18,22,FALSE,Competition
489,491,"Be Cool, Scooby-Doo!",2,Naughty or Ice,3/11/18,22,FALSE,Theft
490,492,"Be Cool, Scooby-Doo!",2,Night of the Upsetting Shorts,3/12/18,22,FALSE,Competition
491,493,"Be Cool, Scooby-Doo!",2,Junkyard Dogs,3/13/18,22,FALSE,Theft
492,494,"Be Cool, Scooby-Doo!",2,Protein Titans 2,3/14/18,22,FALSE,Competition
493,495,"Be Cool, Scooby-Doo!",2,World of Witchcraft,3/15/18,22,FALSE,Theft
494,496,"Be Cool, Scooby-Doo!",2,Professor Huh? Part 1,3/16/18,22,FALSE,
495,497,"Be Cool, Scooby-Doo!",2,Professor Huh? Part 6 3/4,3/17/18,22,FALSE,Competition
496,498,"Be Cool, Scooby-Doo!",2,Pizza OPossumms,3/18/18,11,FALSE,Competition
497,499,"Be Cool, Scooby-Doo!",2,The Curse of Half-Beards Booty,3/18/18,11,FALSE,Treasure
498,500,Scooby-Doo and Guess Who?,1,Revenge of the Swamp Monster,6/27/19,22,FALSE,Competition
499,501,Scooby-Doo and Guess Who?,1,A Mystery Solving Gang Divided,7/2/19,22,FALSE,Treasure
500,502,Scooby-Doo and Guess Who?,1,Peebles Pet Show of Terrible Terrors!,7/11/19,22,FALSE,Competition
501,503,Scooby-Doo and Guess Who?,1,"Elementary, My Dear Shaggy!",7/18/19,22,FALSE,Theft
502,504,Scooby-Doo and Guess Who?,1,Ollie Ollie In-Come Free!,7/25/19,23,FALSE,Theft
503,505,Scooby-Doo and Guess Who?,1,The Scooby of a Thousand Faces!,8/1/19,22,FALSE,Treasure
504,506,Scooby-Doo and Guess Who?,1,The Cursed Cabinet of Professor Madds Markson,8/8/19,22,FALSE,Entertainment
505,507,Scooby-Doo and Guess Who?,1,When Urkel-Bots Go Bad!,8/15/19,22,FALSE,Natural Resource
506,508,Scooby-Doo and Guess Who?,1,The Fastest Food Fiend!,8/22/19,23,FALSE,Competition
507,509,Scooby-Doo and Guess Who?,1,Attack of the Weird Al-Osaurus!,8/29/19,23,FALSE,Natural Resource
508,510,Scooby-Doo and Guess Who?,1,"Now You Sia, Now You Dont!",9/5/19,22,FALSE,Theft
509,511,Scooby-Doo and Guess Who?,1,Quit Clowning!,9/12/19,23,FALSE,Competition
510,512,Scooby-Doo and Guess Who?,1,"What a Night, for a Dark Knight",9/19/19,22,FALSE,Theft
511,513,Scooby-Doo and Guess Who?,1,The Nightmare Ghost of Psychic U!,7/2/20,23,FALSE,Inheritance
512,514,Scooby-Doo and Guess Who?,1,"The Sword, the Fox and the Scooby-Doo!",7/2/20,23,FALSE,Theft
513,515,Scooby-Doo and Guess Who?,1,One Minuite Mysteries!,7/2/20,23,FALSE,Competition
514,516,Scooby-Doo and Guess Who?,1,Hollywood Knights!,7/2/20,22,FALSE,Inheritance
515,517,Scooby-Doo and Guess Who?,1,The New York Underground!,7/2/20,22,FALSE,Treasure
516,518,Scooby-Doo and Guess Who?,1,Fear the Fire Beast!,7/2/20,22,FALSE,Competition
517,519,Scooby-Doo and Guess Who?,1,Too Many Dummies!,7/2/20,22,FALSE,Competition
518,520,Scooby-Doo and Guess Who?,1,Dance Matron of Mayhem,7/2/20,22,FALSE,Competition
519,521,Scooby-Doo and Guess Who?,1,The Wedding Witch of Wainsly Hall!,7/2/20,22,FALSE,Theft
520,522,Scooby-Doo and Guess Who?,1,A Run Cycle Through Time!,7/2/20,22,FALSE,Simulation
521,523,Scooby-Doo and Guess Who?,1,I Put a Hex on You!,7/2/20,22,FALSE,Competition
522,524,Scooby-Doo and Guess Who?,1,The High School Wolfmans Musical Lament!,7/2/20,23,FALSE,Competition
523,525,Scooby-Doo and Guess Who?,1,Space Station Scooby,7/2/20,22,FALSE,Theft
524,526,Scooby-Doo and Guess Who?,2,"The Phantom, the Talking Dog and the Hot Hot Hot Sauce!",10/1/20,22,FALSE,Treasure
525,527,Scooby-Doo and Guess Who?,2,The Last Inmate!,10/1/20,22,FALSE,Treasure
526,528,Scooby-Doo and Guess Who?,2,The Horrible Haunted Hospital of Dr. Phineas Phrag!,10/1/20,23,FALSE,Natural Resource
527,529,Scooby-Doo and Guess Who?,2,The Hot Dog Dog!,10/1/20,22,FALSE,Competition
528,530,Scooby-Doo and Guess Who?,2,A Moveable Mystery!,10/1/20,22,FALSE,Theft
529,531,Scooby-Doo and Guess Who?,2,The Feast of Dr. Frankenfooder!,10/1/20,22,FALSE,Competition
530,532,Scooby-Doo and Guess Who?,2,A Fashion Nightmare,10/1/20,22,FALSE,Theft
531,533,Scooby-Doo and Guess Who?,2,Scooby on Ice!,10/1/20,22,FALSE,Natural Resource
532,534,Scooby-Doo and Guess Who?,2,Caveman on the Half-Pipe,10/1/20,22,FALSE,Treasure
533,535,Scooby-Doo and Guess Who?,2,The Crown Jewel of Boxing!,10/1/20,22,FALSE,Treasure
534,536,Scooby-Doo and Guess Who?,2,The Internet on Haunted House Hill!,10/1/20,22,FALSE,Treasure
535,537,Scooby-Doo and Guess Who?,2,The 7th Inning Scare!,10/1/20,22,FALSE,Entertainment
536,538,Scooby-Doo and Guess Who?,2,The Dreaded Remake of Jekyll & Hyde!,10/1/20,22,FALSE,Theft
537,539,Scooby-Doo and Guess Who?,2,Dark Diner of Route 66!,2/25/21,22,FALSE,Treasure
538,540,Scooby-Doo and Guess Who?,2,Total Jeopardy!,11/13/20,23,FALSE,Competition
