,monster_id,monster_name,monster_gender,monster_type,monster_subtype,monster_species
0,1,Black Knight,Male,Possessed Object,Suit,Object
1,2,Ghost of Cptn. Cuttler,Male,Ghost,Suit,Human
2,3,Phantom,Male,Ghost,Phantom,Human
3,4,Miner 49er,Male,Ancient,Miner,Human
4,5,Indian Witch Doctor,Female,Ancient,Witch Doctor,Human
5,6,Ghost of Elias Kingston,Male,Ghost,Phantom,Human
6,7,Ape Man,Male,Animal,Half-Human,Ape
7,8,Charlie the Robot,Male,Mechanical,Humanoid,Robot
8,9,Puppet Master,Male,Ghost,Pupeteer,Human
9,10,Ghost Clown,Male,Ghost,Clown,Human
10,11,Werewolf,Male,Animal,Werewolf,Human
11,12,Dracula,Male,Undead,Vampire,Human
12,13,Frankensteins Monster,Male,Undead,Frankensteins Monster,Human
13,14,Mummy of Ankha,Male,Undead,Mummy,Human
14,15,Zombie,Male,Undead,Zombie,Human
15,16,Witch,Female,Magician,Witch,Human
16,17,Ghost of Redbeard,Male,Ghost,Pirate,Human
17,18,Spooky Space Kook,Male,Extraterrestrial,Phantom,Alien
18,19,Green Ghost,Male,Ghost,Phantom,Human
19,20,Snow Ghost,Male,Ghost,Snow,Yeti
20,21,Ghost of Mr. Hyde,Male,Ghost,Split-Personality,Human
21,22,Ghost of Zen Tuo,Male,Ghost,Zombie,Human
22,23,Scare Pair,Male,Ghost,Zombie,Human
23,24,Caveman,Male,Ancient,Caveman,Human
24,25,Creeper,Male,Ghost,Phantom,Human
25,26,Headless Specter,Male,Ghost,Headless,Human
26,27,Witch Doctor,Female,Ancient,Witch Doctor,Human
27,28,Mano Tiki Tia,Male,Possessed Object,Statue,Object
28,29,Wax Phantom,Male,Ghost,Statue,Human
29,30,Giant Bat,Male,Animal,Bat,Bat
30,31,Geronimo,Male,Ancient,Indian,Human
31,32,Gunslinger,Male,Ancient,Cowboy,Human
32,33,Robot Gunslinger,Male,Mechanical,Humanoid,Robot
33,34,Cactus,None,Plant,Cactus,Cactus
34,35,Hooded Man,Male,Disguised,Hooded,Human
35,36,Skeletons,Male,Skeleton,Humaniod,Human
36,37,The Vulture,Female,Animal,Bird,Vulture
37,38,Scarecrow,Male,Possessed Object,Scarecrow,Human
38,39,Ghost of Captain Moody,Male,Ghost,Phantom,Human
39,40,The Gargoyle,Male,Possessed Object,Statue,Gargoyle
40,41,Phantoms,Male,Ghost,Phantom,Human
41,42,Ghost,Male,Ghost,Phantom,Human
42,43,Sheik,Male,Disguised,Sheik,Human
43,44,Mummy,Male,Undead,Mummy,Human
44,45,Pirate,Male,Disguised,Pirate,Human
45,46,Dragon,Male,Animal,Dragon,Dragon
46,47,Wolfman,Male,Animal,Humanoid,Human
47,48,Grizzly Bear,Male,Animal,Bear,Bear
48,49,Indian,Male,Ancient,Indian,Human
49,50,Mr. Hyde,Male,Disguised,Split-Personality,Human
50,51,Shark Men,Male,Animal,Sea-Monster,Shark
51,52,Skeleton Man,Male,Undead,Skeleton,Human
52,53,Lady Ghost,Female,Ghost,Phantom,Human
53,54,3-Eyed Spook,Male,Ghost,Phantom,Human
54,55,Giant,Male,Ghost,Phantom,Human
55,56,Brontosaurus,Male,Ancient,Brontosaurus,Dinosaur
56,57,Headless Horsemen of Sleepy Hollow,Male,Ghost,Headless,Human
57,58,Skeleton Stage Driver,Male,Ghost,Phantom,Human
58,59,The Ghost of Bigfoot,Male,Ghost,Half-Human,Big Foot
59,60,Ghost of the Red Baron,Male,Ghost,Pilot,Human
60,61,Ghost of Redbeards crew,Male,Ghost,Pirate,Human
61,62,Haunted Horseman,Male,Ghost,Horseman,Human
62,63,Moat Monster,Male,Animal,Amphibian,Frog
63,64,Possessed Viking Mannequin,Male,Possessed Object,Viking,Human
64,65,Possessed Davy Crockett Mannequin,Male,Possessed Object,Soldier,Human
65,66,Dryad,Male,Mythical,Tree,Dryad
66,67,Troll,Male,Mythical,Humanoid,Troll
67,68,Sea Serpent,Male,Mythical,Sea-Monster,Serpent
68,69,Ghost of Paul Revere,Male,Ghost,Phantom,Human
69,70,Minuteman Ghost,Male,Ghost,Phantom,Human
70,71,Redcoat Ghost,Male,Ghost,Phantom,Human
71,72,Hooded Ghosts,Male,Ghost,Phantom,Human
72,73,Ghost of Injun Joe,Male,Ghost,Phantom,Human
73,74,Ghost of Captain Scavenger,Male,Ghost,Phantom,Human
74,75,Jadal,Male,Mythical,Phantom,Genie
75,76,Spirit of Fireball McPhan,Male,Ghost,Phantom,Human
76,77,Cat Creature,Male,Animal,Humanoid,Human
77,78,Frankenstein,Male,Undead,Frankensteins Monster,Human
78,79,Creepy Man,Male,Disguised,Creepy,Human
79,80,Ghost Bird,Male,Animal,Headless,Bird
80,81,Unknown Exterminator,Male,Disguise,Exterminator,Human
81,82,Ghostly Man,Male,Ghost,Phantom,Human
82,83,Invisible Couple,Male,Ghost,Phantom,Human
83,84,Sea Monster,Male,Animal,Sea-Monster,Fish
84,85,Windmakers,Male,Disguised,Hooded,Human
85,86,Green Globs,Male,Possessed Object,Humanoid,Human
86,87,Ghostly Strongman,Male,Ghost,Phantom,Human
87,88,Specter of Ebenezer Crabbe,Male,Ghost,Phantom,Human
88,89,Ghost of Netty Crabbe,Female,Ghost,Phantom,Human
89,90,Ghost of King Katazuma,Male,Ghost,Phantom,Human
90,91,Aztec Statue Monster,Male,Possessed Object,Statue,Human
91,92,Ghost of Gator Ghoul,Male,Ghost,Amphibian,Alligator
92,93,10000 Volt Ghost,Male,Ghost,Electric,Human
93,94,Headless Horseman,Male,Ghost,Headless,Human
94,95,Ghost of Merlin,Male,Ghost,Witch,Human
95,96,Black Knight,Male,Possessed Object,Witch,Human
96,97,Ghost of Dr. Coffin,Male,Ghost,Phantom,Human
97,98,No-Face Zombie,Male,Undead,Zombie,Human
98,99,Gorilla,Male,Animal,Beast,Gorilla
99,100,Mamba Wamba,Male,Ghost,Witch Doctor,Human
100,101,Zombie Lila,Female,Undead,Zombie,Human
101,102,Mamba Zombie,Male,Undead,Zombie,Human
102,103,Demon,Male,Mythical,Demon,Demon
103,104,Tamuka the Ghost Bull,Male,Ghost,Beast,Bull
104,105,Medicine Man Ghost,Male,Ghost,Witch Doctor,Human
105,106,Talking Bull,Male,Animal,Beast,Bull
106,107,Demon Shark,Male,Mythical,Demon,Shark
107,108,Ghost of Captain Pescado,Male,Ghost,Pirate,Human
108,109,Kelp Monster,Male,Plant,Humanoid,Kelp
109,110,Octopus Monster,Male,Animal,Octopus,Octopus
110,111,Rambling Ghost,Male,Ghost,Athlete,Human
111,112,Strawberry Technicolor Phantom,Male,Ghost,Phantom,Human
112,113,Chocolate Technicolor Phantom,Male,Ghost,Phantom,Human
113,114,Vanilla Technicolor Phantom,Male,Ghost,Phantom,Human
114,115,Ghost of Benedict Arnold,Male,Ghost,Statue,Human
115,116,Ghost of William Demont,Male,Ghost,Statue,Human
116,117,Ghost of Major Andre,Male,Ghost,Statue,Human
117,118,Viking Ghost,Male,Ghost,Viking,Human
118,119,Gramps the Vamp,Male,Undead,Vampire,Human
119,120,Pterodactyl Ghost,Male,Ghost,Pterodactyl,Dinosaur
120,121,Phantom of Milo Booth,Male,Ghost,Phantom,Human
121,122,Lochness Monster,Female,Animal,Lochness Monster,Lochness Monster
122,123,Phantom Racer,Male,Ghost,Phantom,Human
123,124,Ghost of Witch McCoy,Female,Ghost,Witch,Human
124,125,Futuristic Monster,Male,Animal,Humanoid,Insect
125,126,Creepy Heap from the Deep,Male,Animal,Sea-Monster,Sea-Monster
126,127,Soulless Captain Clements,Male,Undead,Possessed,Human
127,128,Abominable Snowman,Male,Animal,Yeti,Snow-Monster
128,129,Abominable Snowwoman,Female,Animal,Yeti,Snow-Monster
129,130,Leprechaun,Male,Mythical,Magician,Leprechaun
130,131,Prehistoric Dinosaur,Male,Animal,Dinosaur,Dinosaur
131,132,Willawa,Male,Animal,Owl,Owl
132,133,Owl Men,Male,Animal,Humanoid,Owl
133,134,Ghost of Blue Beard,Male,Ghost,Pirate,Human
134,135,Skeleton Men,Male,Undead,Skeleton,Human
135,136,Snow Beast,Male,Animal,Beast,Snow-Monster
136,137,Annabelle,Female,Mythical,Amazonian,Amazonian
137,138,Vampires,Male,Undead,Vampire,Human
138,139,Living Trees,Male,Plant,Tree,Tree
139,140,Monster of the Black Lagoon,Male,Animal,Serpent,Swamp Monster
140,141,Ghost Witch of Old Salem,Female,Ghost,Witch,Human
141,142,Tar Monster,Male,Possessed Object,Tar,Creature
142,143,Giant Squid,Male,Animal,GIant,Squid
143,144,Ghost of Finnyan McDuff,Male,Ghost,Phantom,Human
144,145,Loch Ness Monster,Female,Mythical,Loch Ness Monster,Dinosaur
145,146,Old Iron Face,Male,Disguised,Pirate,Human
146,147,Jaguaro,Male,Animal,Beast,Jungle-Monster
147,148,Cat Creature,Male,Animal,Humanoid,Cat
148,149,Mantis,Male,Animal,Humanoid,Mantis
149,150,Phantom,Male,Ghost,Musician,Human
150,151,Moon Monster,Male,Ghost,Demon,Beast
151,152,Ghostly Gondolier,Male,Ghost,Phantom,Human
152,153,Ghost of Juan Carlos,Male,Ghost,Phantom,Human
153,154,Anthos,Male,Ancient,Warlock,Human
154,155,Devil Hound,Male,Animal,Demon,Hound
155,156,Beast of Bottomless Lake,Male,Animal,Humanoid,Sea-Monster
156,157,Blue Scarab,Male,Disguised,Super-Villain,Human
157,158,Night Ghoul,Male,Undead,Ghoul,Human
158,159,Alien,Male,Extraterrestrial,Alien,Alien
159,160,Neon Phantom,Male,Ghost,Phantom,Human
160,161,Snake Demon,Male,Animal,Demon,Snake
161,162,Clown,Male,Disguised,Clown,Human
162,163,Sky Skeleton,Male,Undead,Skeleton,Human
163,164,Dragon Beast,Male,Mythical,Humanoid,Dragon
164,165,Devil Bear,Male,Animal,Demon,Bear
165,166,Sea Beast of the Aztecs,Male,Animal,Humanoid,Sea-Monster
166,167,Lady Vampire of the Bat,Female,Undead,Vampire,Human
167,168,Star Creature,Male,Extraterrestrial,Humanoid,Star
168,169,Shadow Creature,Male,Animal,Humanoid,Creature
169,170,Ghost of Jeremiah Pratt,Male,Ghost,Phantom,Human
170,171,Ghost of the Great Haldane,Male,Ghost,Magician,Human
171,172,Minotaur,Male,Mythical,Minotaur,Minotaur
172,173,Aliens,Male,Extraterrestrial,Alien,Alien
173,174,Sylvester,Male,Undead,Vampire,Human
174,175,Chinese Food Factory Burglar,Male,Disguised,Masked,Human
175,176,Arabian Magician,Male,Magician,Magician,Human
176,177,Cat Man,Male,Animal,Humanoid,Cat
177,178,Pirate,Male,Ancient,Pirate,Human
178,179,Swamp Witch,Female,Magician,Witch,Human
179,180,Knight,Male,Ancient,Knight,Human
180,181,Wax Master,Male,Possessed Object,Statue,Human
181,182,Evil Trees,Male,Plant,Evil,Tree
182,183,Caterpillar,Male,Animal,Talking,Caterpillar
183,184,Cheshire Cat,Male,Animal,Talking,Cat
184,185,Queen of Hearts,Female,Magician,Queen,Human
185,186,Lava Monster,Male,Possessed Object,Statue,Lava
186,187,Alaskan Monster,Male,Animal,Beast,Snow-Monster
187,188,Rocky Maximus,Male,Ancient,Gladiator,Human
188,189,Swamp Monster,Male,Animal,Beast,Swamp-Monster
189,190,Shaggy,Male,Animal,Werewolf,Human
190,191,Rock Monsters,Male,Possessed Object,Rock,Cave-Monster
191,192,Wicked Witch of the North by Southeast,Female,Magician,Witch,Human
192,193,Phantom of the Sewers,Male,Disguised,Phantom,Human
193,194,Rawhide Red,Male,Mechanical,Robot,Object
194,195,Enemy Spy,Male,Disguised,Spy,Human
195,196,Pleasure Island Man,Male,Magician,Trickster,Human
196,197,Pirate,Male,Ghost,Pirate,Human
197,198,Sheet Ghost,Male,Ghost,Phantom,Human
198,199,Centaur,Male,Animal,Centaur,Centaur
199,200,Merlin,Male,Magician,Wizard,Human
200,201,Jasper,Male,Animal,Giant,Frog
201,202,Dragon,Male,Mythical,Dragon,Dragon
202,203,Pat OWiley,Male,Mythical,Leprechaun,Leprechaun
203,204,Madame Olga,Female,Magician,Witch,Human
204,205,Red Baron,Male,Ancient,Pilot,Human
205,206,T-Rex,Male,Animal,Dinosaur,Dinosaur
206,207,Toy Gorilla,Male,Mechanical,Toy,Gorilla
207,208,Plutonian,Male,Extraterrestrial,Alien,Hound
208,209,Dr. Wolf,Male,Animal,Werewolf,Human
209,210,Vampire Foreman,Male,Undead,Vampire,Human
210,211,Carnivorous Plants,Male,Plant,Giant,Venus Fly Trap
211,212,Bigfoot,Male,Animal,Humanoid,Bigfoot
212,213,Giant,Male,Mythical,Giant,Human
213,214,Catfish Burglar,Male,Disguised,Masked,Human
214,215,Gargoyle,Male,Possessed Object,Statue,Gargoyle
215,216,Medusa,Female,Mythical,Gorgon,Human
216,217,Sea Creature,Male,Animal,Humanoid,Sea-Monster
217,218,Octopus Monster,Male,Animal,Giant,Octopus
218,219,Slime Boy,Male,Disguised,Slime,Human
219,220,Jasmine,Female,Mythical,Phantom,Genie
220,221,Alien Scavenger Hunter,Male,Extraterrestrial,Teen,Alien
221,222,Alien Scavenger Hunter,Female,Extraterrestrial,Teen,Alien
222,223,Cat Lady,Female,Animal,Cat,Human
223,224,Wonga,Male,Ancient,Caveman,Human
224,225,Scooby-Doo,Male,Animal,Werewolf,Hound
225,226,Abominable Snowman,Male,Animal,Humanoid,Snow-Monster
226,227,Olaf the Terrible,Male,Ancient,Viking,Human
227,228,Great White Shark,Male,Animal,Shark,Shark
228,229,Seaweed Monster,Male,Plant,Seaweed,Sea-Monster
229,230,Face in the Fireplace,Male,Ghost,Phantom,Human
230,231,Ghosts Under the Bed,Male,Ghost,Phantom,Human
231,232,Living Animal Heads,Male,Undead,Head,Beast
232,233,Skeleton,Female,Undead,Skeleton,Human
233,234,Living Statue,Male,Possessed Object,Statue,Human
234,235,Organ Playing Ghost,Male,Ghost,Phantom,Human
235,236,Mud Monster,Male,Possessed Object,Humanoid,Mud
236,237,Hound of the Barkervilles,Male,Animal,Werewolf,Hound
237,238,Dinosaur,Male,Animal,Dinosaur,Dinosaur
238,239,Creature from Chem Lab,Male,Possessed Object,Humanoid,Chem
239,240,Masked Manx,Male,Animal,Humanoid,Gorilla
240,241,Randar the Ape Man,Male,Animal,Humanoid,Ape
241,242,Mobotsu,Male,Animal,Giant,Ape
242,243,Maid Zombie,Female,Undead,Possessed,Human
243,244,Barney Zombie,Male,Undead,Possessed,Human
244,245,Tourist Zombie,Male,Undead,Possessed,Human
245,246,Amy Zombie,Female,Undead,Possessed,Human
246,247,Neanderthal Monster of Devils Rock,Male,Animal,Humanoid,Beast
247,248,Tower Wizard,Male,Magician,Wizard,Human
248,249,Yadzruck,Male,Animal,Humanoid,Yadzruck
249,250,Phantom of the Soaps,Male,Ghost,Phantom,Human
250,251,Ghost of Casey OReilly,Male,Ghost,Phantom,Human
251,252,Gremlin,Male,Mythical,Gremlin,Gremlin
252,253,Specter of the Sports Cars,Male,Ghost,Phantom,Human
253,254,Draculas Wife,Female,Undead,Vampire,Human
254,255,Dracula Jr.,Male,Animal,Werewolf,Human
255,256,Ghost of Chef Maras,Male,Ghost,Chef,Human
256,257,Ghost of McBaggy Rodgers,Male,Ghost,Phantom,Human
257,258,Red Skull,Male,Disguised,Skull,Human
258,259,Maid Mummy,Female,Undead,Mummy,Human
259,260,Helping Hands,Male,Possessed Object,Gloves,Object
260,261,Sea Demon,Male,Animal,Humanoid,Sea-Monster
261,262,Cyclops,Male,Mythical,Cyclops,Human
262,263,Master Mind,Male,Super-Villain,Genius,Human
263,264,Giant Bees,Male,Animal,Giant,Bee
264,265,Ghost of Ebenezer Overview,Male,Ghost,Phantom,Human
265,266,Zombies,Male,Undead,Zombie,Human
266,267,Evil Elf,Male,Mythical,Elf,Elf
267,268,Mad Sea Lion,Male,Animal,Sea Lion,Sea Lion
268,269,Ghost of Dr. Van Helsing,Male,Ghost,Phantom,Human
269,270,Ghost of Abraham Lincoln,Male,Ghost,President,Human
270,271,Ghost of George Washington,Male,Ghost,President,Human
271,272,Ghost of Ulysses S. Grant,Male,Ghost,President,Human
272,273,Ghost of Theodore Roosevelt,Male,Ghost,President,Human
273,274,Ghost of Colonel Beauregard,Male,Ghost,Phantom,Human
274,275,Ghost of Sherlock Holmes,Male,Ghost,Detective,Human
275,276,Monster Mutt,Male,Animal,Super-Villain,Hound
276,277,Monster Mouse,Male,Animal,Giant,Mouse
277,278,Ghost of Christmas Never,Male,Ghost,Phantom,Human
278,279,Bogle,Male,Ghost,Phantom,Cartoon
279,280,Weerd,Male,Ghost,Phantom,Cartoon
280,281,Ghoulio,Male,Undead,Vampire,Human
281,282,Werewolfs,Male,Animal,Werewolf,Human
282,283,Werewolf Daphnie,Female,Animal,Werewolf,Human
283,284,Maldore the Malevolent,Male,Mythical,Demon,Demon
284,285,Evil Tree,Male,Plant,Evil,Tree
285,286,Rat Gaurds,Male,Animal,Giant,Rat
286,287,Shadow Demon,Male,Mythical,Shadow,Demon
287,288,Griswald,Male,Animal,Giant,Spider
288,289,Queen Morbidia,Female,Magician,Vampire,Human
289,290,Reflector Specter,Male,Mythical,Mirror,Demon
290,291,Zomba,Female,Mythical,Demon,Demon
291,292,Dr. Frankscoobs Monster,Male,Undead,Frankensteins Monster,Human
292,293,Bogel,Male,Ghost,Phantom,Cartoon
293,294,Captain Ghost,Male,Ghost,Phantom,Human
294,295,Ghosts on the Ship,Male,Ghost,Phantom,Human
295,296,Tornado,Male,Mythical,Tornado,Demon
296,297,Nekara,Female,Magician,Witch,Human
297,298,Nekaras Minions,Male,Ghost,Phantom,Human
298,299,Marcella,Female,Magician,Witch,Human
299,300,Helda Brewski,Female,Magician,Witch,Human
300,301,Ernestine Brewski,Female,Magician,Witch,Human
301,302,Wanda Brewski,Female,Magician,Witch,Human
302,303,Time Slime,Male,Magician,Wizard,Human
303,304,Bogel,Male,Ghost,Phantom,Human
304,305,Weerd,Male,Ghost,Phantom,Human
305,306,Demondo,Male,Mythical,Demon,Demon
306,307,Rankor,Male,Undead,Vampire,Goblin
307,308,Head of S.A.P.S.,Male,Ghost,Demon,Demon
308,309,Living Plants,Male,Plant,Flower,Flower
309,310,Porff. Phantazmo,Male,Magician,Warlock,Human
310,311,Zimbulu,Male,Mythical,Demon,Demon
311,312,Boris Kreepoff,Male,Undead,Zombie,Human
312,313,Sludge Monster from the Earths Croe,Male,Possessed Object,Sludge,Sludge-Monster
313,314,Dr. Croaker,Male,Animal,Humanoid,Frog
314,315,Cheese Monster,Male,Possessed Object,Humanoid,Cheese
315,316,Ghost of Al Cabone,Male,Ghost,Phantom,Human
316,317,Boogedy Bones,Male,Undead,Zombie,Human
317,318,Ice Demon,Male,Possessed Object,Humanoid,Ice
318,319,Samurai Ghost,Male,Ghost,Samurai,Human
319,320,Headless Skateboarder,Male,Undead,Headless,Human
320,321,Boobeard,Male,Ghost,Pirate,Human
321,322,Totem Spirit,Male,Possessed Object,Statue,Totem
322,323,Ghost of Chef Pierre Goulash,Male,Ghost,Chef,Human
323,324,Stinkweed,Male,Plant,Humanoid,Plant-Monster
324,325,Ghost of Buster McMutt Mauler,Male,Ghost,Phantom,Human
325,326,Ghost of Purvis Parker,Male,Undead,Skeleton,Human
326,327,Chickenstein,Male,Undead,Frankensteins Monster,Chicken
327,328,Burger Monster,Male,Possessed Object,Burger,Burger
328,329,Dinkley 2000,Male,Mechanical,Humanoid,Computer
329,330,Ghost of Zombo,Male,Ghost,Clown,Human
330,331,Boogey Biker,Male,Undead,Skeleton,Human
331,332,Astronaut Ghost,Male,Ghost,Astronaut,Human
332,333,Bigwig,Male,Possessed Object,Humanoid,Hair
333,334,Ghost of the Hooded Heifer,Male,Ghost,Wrestler,Human
334,335,Nasty-Doo,Male,Animal,Hound,Hound
335,336,Ghost of Mrs. Shusham,Female,Ghost,Librarian,Human
336,337,Moving Mollusk,Male,Animal,Giant,Snail
337,338,Snow Creature,Male,Animal,Humanoid,Ice-Monster
338,339,Dinosaur Spirit,Male,Animal,Spirit,Dinosaur
339,340,The Alien,Male,Extraterrestrial,Alien,Alien
340,341,Ghost of the Leland Brothers,Male,Ghost,Soldier,Human
341,342,The Mystery Machine,Female,Possessed Object,Car,Vehicle
342,343,Ghost of Rufus Raucaus,Male,Ghost,Phantom,Human
343,344,Roller Ghoster,Male,Animal,Humanoid,Beast
344,345,Jungle Demons,Male,Animal,Demon,Animal
345,346,Motoshondu,Female,Animal,Serpent,Sea-Monster
346,347,Headless Snowman,Male,Possessed Object,Headless,Snow-Man
347,348,Spaceman Swintons,Male,Mechanical,Humanoid,Toy
348,349,Annabel Action Figure,Female,Mechanical,Humanoid,Toy
349,350,Other Toys,Male,Mechanical,Toy,Toy
350,351,Faceless Phantom,Male,Ghost,Phantom,Human
351,352,Undead,Male,Ancient,Gladiator,Human
352,353,Baseball Specter,Male,Ghost,Specter,Human
353,354,Ancient One,Male,Magician,Mystic,Human
354,355,30 Foot Shaggy,Male,Animal,Giant,Human
355,356,Mummy of Pharaoh Scamses,Male,Undead,Mummy,Human
356,357,Zombies,Female,Undead,Zombie,Human
357,358,Zombie Fred,Male,Undead,Zombie,Human
358,359,Zombie Daphnie,Female,Undead,Zombie,Human
359,360,Zombie Velma,Female,Undead,Zombie,Human
360,361,Gusano Grande,Male,Animal,Giant,Worm
361,362,Jeevens,Male,Mechanical,Robot,Robot
362,363,Shari,Female,Mechanical,Computer,Computer
363,364,Baron Fortescu,Male,Undead,Vampire,Human
364,365,Scarecrows,Male,Possessed Object,Scarecrow,Human
365,366,Ghost of Hank Banning,Male,Ghost,Phantom,Human
366,367,San Franpsycho,Male,Ancient,Convict,Human
367,368,Invisible Man,Male,Disguised,Invisible,Human
368,369,Scooby Snack Monster,Male,Possessed Object,Humanoid,Scooby Snack
369,370,Glasburgh Dragon,Male,Mythical,Dragon,Dragon
370,371,Fish Creature,Male,Animal,Humanoid,Fish
371,372,Wakumi,Male,Animal,Giant,Bird
372,373,Shaman,Male,Ancient,Shaman,Human
373,374,Centaur,Male,Mythical,Beast,Centaur
374,375,Creepy Keeper,Male,Undead,Lighthouse Keeper,Human
375,376,Skeleton Crew,Male,Undead,Skeleton,Human
376,377,Sheriff,Male,Mechanical,Cowboy,Human
377,378,Cold Steel,Male,Mechanical,Cowboy,Human
378,379,Other Robot Cowboys,Male,Mechanical,Cowboy,Human
379,380,Clone Fred,Male,Mechanical,Clone,Human
380,381,Clone Daphnie,Female,Mechanical,Clone,Human
381,382,Clone Velma,Female,Mechanical,Clone,Human
382,383,Clone Shaggy,Male,Mechanical,Clone,Human
383,384,Clone Scooby,Male,Mechanical,Clone,Human
384,385,Titanic Twist,Male,Undead,Deformed,Human
385,386,Demon Farmer,Male,Undead,Farmer,Human
386,387,Frozen Fiend,Male,Undead,Ice,Human
387,388,Menacing Metallic Clown,Male,Mechanical,Clown,Human
388,389,Toxic Terror,Male,Possessed Object,Humanoid,Toxic
389,390,Skeleton Driver,Male,Undead,Skeleton,Human
390,391,Gold Monster,Male,Possessed Object,Humanoid,Gold
391,392,Coral Creature,Male,Plant,Humanoid,Coral
392,393,Sand Monsters,Male,Possessed Object,Sand,Human
393,394,Osomons,Male,Animal,Little,Osomons
394,395,Dr. Phineus Phibes,Male,Super-Villain,Doctor,Human
395,396,Agent 1,Male,Disguised,Agent,Human
396,397,Agent 2,Male,Disguised,Agent,Human
397,398,Agent 3,Male,Disguised,Agent,Human
398,399,Agent 4,Male,Disguised,Agent,Human
399,400,Agent 5,Male,Disguised,Agent,Human
400,401,Agent 6,Male,Disguised,Agent,Human
401,402,Agent 7,Male,Disguised,Agent,Human
402,403,Agent 8,Male,Disguised,Agent,Human
403,404,Agent 9,Male,Disguised,Agent,Human
404,405,Agent 10,Male,Disguised,Agent,Human
405,406,Agent 11,Male,Disguised,Agent,Human
406,407,Agent 12,Male,Disguised,Agent,Human
407,408,Agent 13,Male,Disguised,Agent,Human
408,409,Dr. Trebal,Male,Dr. Trebal,Doctor,Human
409,410,Misty Swiss,Male,Super-Villain,Agent,Human
410,411,Dr. Trebla,Male,Super-Villain,Doctor,Human
411,412,A.R.T.,Male,Mechanical,Robot,Object
412,413,Kevin,Male,Mechanical,Computer,Object
413,414,Mark,Male,Super-Villain,Nerd,Human
414,415,Ricky,Male,Super-Villain,Nerd,Human
415,416,Bruce,Male,Super-Villain,Poacher,Human
416,417,Brucey,Male,Super-Villain,Poacher,Human
417,418,Chef Suki Sukihari,Male,Super-Villain,Chef,Human
418,419,Dr. Speed,Male,Super-Villain,Doctor,Human
419,420,Agent,Male,Disguised,Agent,Human
420,421,4,Male,Disguised,Agent,Human
421,422,Menace,Male,Super-Villain,Wrestler,Human
422,423,Mr. Invisible,Male,Super-Villain,Invisible,Human
423,424,Cat Lady,Female,Super-Villain,Super-Villain,Human
424,425,Dr Trebla,Male,Super-Villain,Doctor,Human
425,426,Agent 12,Male, Disguised,Agent,Human
426,427,Agent 13,Male, Disguised,Agent,Human
427,428,Clown Phibes,Male,Super-Villain,Clown,Human
428,429,Evil Phibes,Male,Super-Villain,Doctor,Human
429,430,Peekaboo Phibes,Male,Super-Villain,Playful,Human
430,431,Rusty,Male,Animal,Werewolf,Human
431,432,Bacon,Male,Animal,Pig,Pig
432,433,Frankenstein,Male,Undead,Frankenstins Monster,Human
433,434,Swamp Monster,Male,Animal,Swamp Monster,Swamp-Monster
434,435,Agent 2,Male,Disugised,Agent,Human
435,436,Menace,Male,Animal,Bull,Bull
436,437,Super Bulls,Male,Animal,Giant,Rooster
437,438,Zoinks,Male,Mechanical,Dog,Robot
438,439,Groovy Don,Male,Mechanical,Hippy,Robot
439,440,Agent 21,Male,Disguised,Agent,Human
440,441,Agent 44,Male,Disguised,Agent,Human
441,442,Agent 89,Male,Disguised,Agent,Human
442,443,Slime Mutant,Male,Possessed Object,Slime,Slime-Monster
443,444,Creeping Creatures,Male,Animal,Humanoid,Alligator
444,445,Creeping Creatures,Female,Animal,Humanoid,Alligator
445,446,Ghost Truck,Male,Possessed Object,Truck,Truck
446,447,Man-Crab,Male,Animal,Humanoid,Crab
447,448,Que Horrifico,Male,Ancient,Pupeteer,Human
448,449,Spookified Kids,Male,Possessed,Kid,Human
449,450,Ghost Girl,Female,Ghost,Ghost,Human
450,451,Gnome,Male,Mythical,Gnome,Human
451,452,Green Humungonaut,Male,Animal,Humanoid,Ape
452,453,Red Humungonaut,Male,Animal,Humanoid,Ape
453,454,Fright Hound,Male,Mechanical,Robot,Hound
454,455,Vampire,Female,Undead,Vampire,Human
455,456,Char Gar Gothakon,Male,Extraterrestrial,Humanoid,Squid
456,457,Cicada Creature,Male,Animal,Insect,Cicada
457,458,Lord Infernicus,Male,Undead,Skeleton,Human
458,459,Shadowy Orc,Male,Mythical,Orc,Orc
459,460,Aphrodite,Female,Mythical,Pupeteer,Human
460,461,Danny Darrow,Male,Ancient,Hermit,Human
461,462,White Wizard,Male,Magician,Wizard,Human
462,463,Nightfright,Male,Mythical,Demon,Demon
463,464,Fish Freaks,Male,Animal,Humanoid,Fish
464,465,Manticore,Male,Mythical,Manticore,Manticore
465,466,Headless Horror,Male,Ancient,Humanoid,Jungle-Monster
466,467,Shadowy Figure,Male,Ghost,Shadow,Human
467,468,Ghost of Dead Justice,Male,Ghost,Sheriff,Human
468,469,Obliteratrix,Female,Undead,Assassin,Human
469,470,Freak of Crystal Cove,Male,Ancient,Humanoid,Beast
470,471,Crybaby Clown,Male,Disguised,Clown,Human
471,472,Baba Yaga House,Male,Possessed Object,House,House
472,473,Baba Yaga,Female,Magician,Witch,Human
473,474,Dreamweaver,Male,Magician,Wizard,Human
474,475,Hodag of Horror,Male,Animal,Beast,Beast
475,476,Junk,Male,Mechanical,Trash,Trash
476,477,Graveyard Ghoul,Male,Undead,Ghoul,Human
477,478,Dark Lilith,Female,Mythical,Demon,Demon
478,479,Hebediah Grim,Male,Undead,Zombie,Human
479,480,Fiend,Male,Mythical,Anubis,Human
480,481,Kriegstaffebot,Male,Mechanical,Soldier,Robot
481,482,Ghost of Abigail Gluck,Female,Ghost,Ghost,Human
482,483,Scarebear,Male,Animal,Mutant,Bear
483,484,Krampus,Male,Mythical,Beast,Krampus
484,485,Dragon,Male,Mechanical,Dragon,Dragon
485,486,Mummy of Friar Serra,Male,Undead,Mummy,Human
486,487,Grey Alien,Male,Extraterrestrial,Alien,Alien
487,488,Reptiod,Male,Animal,Humanoid,Reptile
488,489,Nordic Alien,Female,Extraterrestrial,Alien,Alien
489,490,Skull Cattles,Male,Undead,Skeleton,Bull
490,491,Skull Cattle Queen,Female,Undead,Skeleton,Bull
491,492,Rude Boy and the Ska-Tastics,Male,Undead,Zombie,Human
492,493,Gluton Demon,Male,Mythical,Demon,Demon
493,494,Dandy Highwayman,Male,Disguised,Highwayman,Human
494,495,Evil Fred,Male,Disguised,Clone,Human
495,496,Evil Daphnie,Female,Disguised,Clone,Human
496,497,Monstrous Freak,Male,Animal,Humanoid,Beast
497,498,Priestess,Female,Magician,Shaman,Human
498,499,Evil Entity,Male,Mythical,Evil,Element
499,500,Minions,Male,Ancient,Humanoid,Human
500,501,Ghost of Elias Kingston,Male,Ghost,Ghost,Human
501,502,Spirit of the Zatari Warrior,Male,Ancient,Spirit,Human
502,503,Ghost of Chip Braverton,Male,Ghost,Ghost,Human
503,504,Sobek,Male,Mythical,Humanoid,Crocodile
504,505,Crystal Crawler,Male,Animal,Humanoid,Cave-Monster
505,506,Headless Count,Male,Undead,Headless,Human
506,507,Ghost of the Prima Donna,Female,Ghost,Ghost,Human
507,508,Yeti,Male,Animal,Yeti,Yeti
508,509,Butler 3000,Male,Mechanical,Robot,Robot
509,510,Pterodactyl,Male,Ancient,Dinosaur,Pterodactyl
510,511,Ghost of Stealin Stan,Male,Ghost,Prisoner,Human
511,512,Sorcerer,Male,Magician,Sorcerer,Human
512,513,Swamp Monster,Male,Plant,Humanoid,Swamp-Monster
513,514,Snow Monster,Male,Possessed Object,Snow-Man,Snow-Man
514,515,Giant,Male,Mythical,Giant,Cyclops
515,516,Scarecrow,Male,Possessed Object,Humanoid,Scarecrow
516,517,Ghost of the Cliff Bride,Female,Undead,Zombie,Human
517,518,Spirit of El Bandito,Male,Undead,Skeleton,Human
518,519,Madcap the Killer Clown,Male,Disguised,Clown,Human
519,520,Viking Ghosts,Male,Ghost,Viking,Human
520,521,Toxic Mutant,Male,Undead,Mutant,Human
521,522,Dorsal Foot,Male,Animal,Humanoid,Shark
522,523,Jester Monster,Male,Disguised,Jester,Human
523,524,Vampire,Male,Undead,Vampire,Human
524,525,Houndbeast,Male,Animal,Beast,Hound
525,526,Grim Reaper,Male,Undead,Skeleton,Human
526,527,Tengu,Male,Mythical,Humanoid,Chicken
527,528,Tarasque,Male,Mythical,Humanoid,Turtle
528,529,Tzitzimitl,Female,Magician,Shaman,Human
529,530,Manticore,Male,Mythical,Beast,Manticore
530,531,Haniver,Male,Mythical,Beast,Beast
531,532,Hemogoblin,Male,Mythical,Goblin,Goblin
532,533,Kaniaku,Male,Animal,Demon,Crab
533,534,Ghost of Amos Littlefield,Male,Ghost,Ghost,Human
534,535,Ghost of Jacob Marley,Male,Ghost,Ghost,Human
535,536,Ghost of Christmas Past,Female,Ghost,Ghost,Human
536,537,Ghost of Christmas Present,Male,Ghost,Ghost,Human
537,538,Ghost of Christmas Future,Male,Ghost,Ghost,Human
538,539,Space Kook,Male,Extraterrestrial,Humanoid,Alien
539,540,Ghost of Mother,Female,Undead,Zombie,Human
540,541,Ghost of Archie Barnes,Male,Ghost,Ghost,Human
541,542,Mutant Rabbit,Male,Animal,Giant,Rabbit
542,543,Arachne,Female,Mythical,Humanoid,Spider
543,544,Plant Monster,Male,Plant,Humanoid,Bush
544,545,Minus,Male,Disguised,Mutant,Human
545,546,Ice Man,Male,Ancient,Caveman,Human
546,547,Trash Monster,Male,Mechanical,Robot,Robot
547,548,Ghost Chef,Male,Ghost,Chef,Human
548,549,Demon of Salem,Male,Mythical,Demon,Demon
549,550,Professor Huh?,Male,Disguised,Random,Human
550,551,Pizza OPossum,Male,Mechanical,Robot,Rat
551,552,Half-Beards Ghost,Male,Ghost,Pirate,Human
552,553,Swamp Monster,Male,Animal,Humanoid,Swamp-Monster
553,554,Civil War Zombie Ghosts,Male,Ghost,Soldier,Human
554,555,Fish Monster,Male,Animal,Humanoid,Fish
555,556,Screaming Skulls of London,Male,Ghost,Skulls,Skull
556,557,Cat Mummy,Male,Undead,Mummy,Cat
557,558,Ghost of Madds Markson,Male,Undead,Ghost,Human
558,559,Madds Markson Monster,Male,Animal,Mutant,Bunny
559,560,Technomancer,Male,Magician,Technomancer,Human
560,561,Spectral Speedster,Male,Ghost,Humanoid,Monster
561,562,Dinosaur,Male,Animal,Allosaurus,Dinosaur
562,563,Dinosaur,Male,Animal,Ceratosarus,Dinosaur
563,564,Sia Doppelganger,Female,Disguised,Sia,Human
564,565,Pazzo the Ghost Clown,Male,Ghost,Clown,Human
565,566,Man-Bat,Male,Animal,Humanoid,Bat
566,567,Nightmare Ghost,Male,Ghost,Nightmare,Human
567,568,Fox Monster,Male,Animal,Giant,Fox
568,569,Miner Forty-Niner,Male,Ancient,Miner,Human
569,570,Ghost of Captain Cutler,Male,Ghost,Suit,Human
570,571,Snow Ghost,Male,Animal,Ghost,Snow-Monster
571,572,Back Knight,Male,Possessed Object,Suit,Object
572,573,Witch Doctor,Male,Magician,Shaman,Human
573,574,Creeper,Male,Undead,Zombie,Human
574,575,Giant Teddy Bear,Male,Possessed Object,Giant,Teddy Bear
575,576,Ghost of the Doom Bringer,Male,Possessed Object,Suit,Suit
576,577,Gator Man Monster,Male,Animal,Humanoid,Alligator
577,578,Fire Monster of Mount Etna,Male,Animal,Humanoid,Fire-Monster
578,579,Crazy Carl,Male,Possessed Object,Humanoid,Puppet
579,580,Ghost of Madame Zobrinsky,Female,Ghost,Ghost,Human
580,581,Wedding Witch of Wainsly Hall,Female,Magician,Witch,Human
581,582,Chronobeast,Male,Animal,Humanoid,Chronobeast
582,583,Robo Dooby Doo,Male,Mechanical,Robot,Hound
583,584,Ghost of Ester Moonkiller,Female,Ghost,Ghost,Human
584,585,Tardigrade Monster,Male,Animal,Giant,Tardigrade
585,586,Ghost of Tallis Taggert,Male,Ghost,Captain,Human
586,587,Ghost of Jean Lebeau,Male,Ghost,Prisoner,Human
587,588,Phineas Phrag Monster,Male,Animal,Humanoid,Beast
588,589,Gnarled One,Male,Plant,Living,Tree
589,590,Frankenfooder Monster,Male,Possessed Object,Humanoid,Fruit
590,591,Elevator Operator Ghost,Male,Ghost,Ghost,Human
591,592,Snow Devil,Male,Animal,Yeti,Yeti
592,593,Robot,Male,Mechanical,Robot,Robot
593,594,Ghost of Charles M. Thraber,Male,Ghost,Ghost,Human
594,595,Zombie Mascot,Male,Undead,Zombie,Yak
595,596,Hyde Monster,Male,Disguised,Split-Personality,Human
596,597,Giant Manta Ray,Male,Animal,Giant,Manta Ray
597,598,Mud Men,Male,Possessed Object,Humanoid,Mud
598,599,Max Kilobyte,Male,Mechanical,Genius,Robot
599,600,yo,yo,yo,yo,yo
