,culprit_id,culprit_name,culprit_gender
0,1,Mr. Wickles,Male
1,2,Cptn. Cuttler,Male
2,3,Bluestone the Great,Male
3,4,Hank,Male
4,5,Buck Master,Male
5,6,Uncle Stuart,Male
6,7,Carl,Male
7,8,Sarah Jenkins,Female
8,9,Mr. Pietro,Male
9,10,Harry the Hypnotist,Male
10,11,Big Bob Oakly,Male
11,12,Dr. Najib,Male
12,13,Zeke,Male
13,14,Zeb Perkins,Male
14,15,Mr. Magnus,Male
15,16,Henry Bascombe,Male
16,17,Cosgood Creeps,Male
17,18,Mr. Crawls,Male
18,19,Mr. Greenway,Male
19,20,Dr. Jekyll,Male
20,21,A. Fong,Male
21,22,Prof. Wayne,Male
22,23,Mr. Carswell,Male
23,24,Penrod Stillwall,Male
24,25,John Simms,Male
25,26,Sheep Rustler,Male
26,27,Mr. Rodger Stevens,Male
27,28,Rhino,Male
28,29,Amos Crunch,Male
29,30,Mrs. Baker,Female
30,31,House Keeping Man,Male
31,32,House Keeping Woman,Female
32,33,Simon Shakey,Male
33,34,Captain Moodys Nephews,Male
34,35,Alberto,Male
35,36,Zalia Z. Fairchild,Male
36,37,Milo Meekly,Male
37,38,Gene Haultrey,Male
38,39,Jonathan Crabtree,Male
39,40,Mr. Siegfried,Male
40,41,Oil Pirate,Male
41,42,Duke of Strathmore,Male
42,43,Cyrus Wheedly,Male
43,44,Bertha,Female
44,45,Ben Bing,Male
45,46,The Joker,Male
46,47,The Penguin,Male
47,48,Morgan,Male
48,49,Winslow,Male
49,50,Selby,Male
50,51,Scorpions Owner,Male
51,52,Scorpions Coach,Male
52,53,Scorpions Trainer,Male
53,54,Jack Canna,Male
54,55,Jack Cannas Partner,Male
55,56,Abdullah,Male
56,57,Jesse Finster,Male
57,58,Mr Griffiths Twin Brother,Male
58,59,Otto,Male
59,60,Lorne Chumley,Male
60,61,P.J. Peabody,Male
61,62,Mr. Crink,Male
62,63,Sterling Smith,Male
63,64,Masked Marvel,Male
64,65,Jim Rivets,Male
65,66,Red Sparks,Male
66,67,Prof. Stonehack,Male
67,68,Elina Stonehack,Female
68,69,Alice Dovely,Female
69,70,Mr. Voltner,Male
70,71,Mayor Dudley,Male
71,72,Elwood Crane,Male
72,73,Zarko,Male
73,74,Officer Oldfield,Male
74,75,Mr. Dilly,Male
75,76,Rodger,Male
76,77,Lila,Female
77,78,Sam Crenshaw,Male
78,79,Sam Farren,Male
79,80,Lenny,Male
80,81,Sam Farrens Foreman,Male
81,82,Mr. Wells,Male
82,83,Mr. Carp,Male
83,84,Buck Bender,Male
84,85,Sammy the Shrimp,Male
85,86,Mr. Clive,Male
86,87,Mr. Wilit,Male
87,88,Mr. Hansen,Male
88,89,Leon Vanaugh,Male
89,90,Mr Bohannon,Male
90,91,Jim Moss,Male
91,92,Ken Rodgers,Male
92,93,Aggie Wilkins,Female
93,94,Zeke Harkins,Male
94,95,Professor Von Klamp,Male
95,96,Simon Grady,Male
96,97,Bank Robber,Male
97,98,Captain Clements,Male
98,99,Grey Fox,Male
99,100,Dr. Grimsley,Male
100,101,Jean Pierre Baptiste,Male
101,102,Arlene Wilcoxs Sister,Female
102,103,Gar Mooney,Male
103,104,Mr. Stoner,Male
104,105,Jamie Craigmore,Male
105,106,Mama Mione,Female
106,107,Barney,Male
107,108,Luis,Male
108,109,Mr. Bixby,Male
109,110,Proff. Greer,Male
110,111,Ace Decade,Male
111,112,Chin Wong Sing,Male
112,113,Mario,Male
113,114,Cptn. Eddy,Male
114,115,Nick Thomas,Male
115,116,John Thomas,Male
116,117,Julie Johnson,Female
117,118,Howard Gruger,Male
118,119,Mr. Marino,Male
119,120,Tessie,Female
120,121,Bill Walker,Male
121,122,First Mate Defarge,Male
122,123,Eddie Drake,Male
123,124,Mr. Husai,Male
124,125,Chuck Hunt,Male
125,126,Tiger Morris,Male
126,127,Lefty Callahan,Female
127,128,Mr. Greenfield,Male
128,129,Brandon Davies,Male
129,130,Will Henry Pratt,Male
130,131,Morgan the Magician,Male
131,132,Nick Papas,Male
132,133,Tony,Male
133,134,Chinese Food Factory Burglar,Male
134,135,Sailor,Male
135,136,Boss,Male
136,137,Inkeeper,Male
137,138,Nazrat of the Jungle,Male
138,139,Killer Krunch,Male
139,140,Orderly,Male
140,141,Bulldog,Male
141,142,Cheft,Male
142,143,Adolf,Male
143,144,Sergent,Male
144,145,Taj Mahal Gaurd,Male
145,146,Bandit,Male
146,147,Wilbur,Male
147,148,Great-Grandpa Scooby,Male
148,149,Dr. Wolf,Male
149,150,Gardener,Male
150,151,Baron Lundwaft,Male
151,152,Big Thug,Male
152,153,Small Thug,Male
153,154,Bruiser,Male
154,155,Bugsy Burton,Male
155,156,Mrs. Higgins,Female
156,157,Von Scareheim,Male
157,158,Cameraman,Male
158,159,Big Ed,Male
159,160,Ms. Bulgravia,Female
160,161,Bruno,Male
161,162,Hamburger Haven Owner,Male
162,163,Ivan,Male
163,164,Tank,Male
164,165,Squeak,Male
165,166,Vendetta,Female
166,167,Mr. Morley,Male
167,168,Fingers Malone,Male
168,169,Michelos,Male
169,170,Pistons McGee,Male
170,171,Johnathan Johnson,Male
171,172,Cousin Sherwood,Male
172,173,Professor Busby,Male
173,174,Cowabunga Carlyle,Male
174,175,Quanto,Male
175,176,Bentley,Male
176,177,Dr. LaRue,Male
177,178,Toby Wallace,Male
178,179,Milo Damp,Male
179,180,Randal Bakko,Male
180,181,Mr. Cyclops,Male
181,182,Amy Simons,Male
182,183,Darcy,Male
183,184,Chameleon,Male
184,185,Danny Divine,Male
185,186,Commandante,Male
186,187,Jerry,Male
187,188,Mr. Kronos,Male
188,189,Reggie Rungout,Male
189,190,Mickey Hack,Male
190,191,Crocker Pitt,Male
191,192,Chef Gustav,Male
192,193,Sidney Gasper,Male
193,194,Dr. Natasha,Female
194,195,Little Guy,Male
195,196,Beatrice Whimsey,Female
196,197,Alex Anders,Male
197,198,Stuyvesant,Male
198,199,Orson Kane,Male
199,200,Ratfield,Male
200,201,Rosey Crans,Female
201,202,Gilly Stern,Male
202,203,Thaddeus Blimp,Male
203,204,Wilmer,Male
204,205,Proff. Mikos,Male
205,206,Cecil,Male
206,207,Harley Finster,Male
207,208,Mrs. Van Loon,Female
208,209,Codefinger,Male
209,210,Harriet Mullins,Female
210,211,Harriet Mullins Associate,Male
211,212,Abdul,Male
212,213,Punjab,Male
213,214,Katerina Kobald,Female
214,215,Dr. Carlin,Male
215,216,Igor,Male
216,217,Chandra,Female
217,218,Ambassador of Klopstokia,Male
218,219,Ambassadors Wife,Female
219,220,Pops Baloney,Male
220,221,Lesser Band Thief,Female
221,222,Mr. Stapleton,Male
222,223,Dimwittie,Male
223,224,Parker,Male
224,225,Nanette Musette,Female
225,226,Mr. Conrad,Male
226,227,Mr. Buckston,Male
227,228,Wendel McWendel,Male
228,229,Larry P. Acme,Male
229,230,Prestina,Female
230,231,Molly the Moll,Female
231,232,Manny the Mauler,Male
232,233,Mr. Forester,Male
233,234,Dr. Dayton,Male
234,235,Sandy Sneakers,Female
235,236,Al,Male
236,237,Jack,Male
237,238,Mr. Ryan,Male
238,239,Mr. Gordon,Male
239,240,Vincent Thorn,Male
240,241,Mr. Trixenstuff,Male
241,242,Barbara Simone,Female
242,243,Mr. Dilton,Male
243,244,Casmer Codwaller,Male
244,245,Skippy Johnson,Male
245,246,Bruce Wormsley,Male
246,247,Paula P. Casso,Female
247,248,Joey Jipner,Male
248,249,Red Herring,Male
249,250,Simon Simons,Male
250,251,Crusty Baker,Male
251,252,Herbert Blaum,Male
252,253,Proff. Digmi,Male
253,254,Buster McMuttMauler,Male
254,255,Bernice Binder,Female
255,256,Lester Leonard,Male
256,257,Avalanche Anderson,Male
257,258,Luis Cepeda,Male
258,259,Heather Lane,Female
259,260,Janet Lawrence,Female
260,261,Crawdad Mike,Male
261,262,Susan Dinwiddle,Female
262,263,Phylidia Flanders,Female
263,264,Terry,Female
264,265,Honey Honsecker,Female
265,266,Henry Honsecker,Male
266,267,Crunch Granville,Male
267,268,Proff. William Fagen Higginson,Male
268,269,Walter Claphammer,Male
269,270,Vincent Wong,Male
270,271,Captain Guzman,Male
271,272,Ugo DiRinaldi,Male
272,273,Bob Taylor,Male
273,274,Proff. Pomfrit,Male
274,275,Qasl Al-Famir,Male
275,276,Madamoiselle Chantal,Female
276,277,Gibby Norton,Male
277,278,Baron Fortescu,Male
278,279,Steve Fortescu,Male
279,280,Marcy,Female
280,281,Meadow,Female
281,282,Scar,Male
282,283,Skull,Male
283,284,Rutie Banez,Female
284,285,Zeke Zillon,Male
285,286,Jack Hunter,Male
286,287,Eve De La Faye,Female
287,288,Penelope Bailey,Female
288,289,Trudey Lowe,Female
289,290,Jamison Steven Ripley,Male
290,291,Monroe Hopper,Male
291,292,Henry Thornwald,Male
292,293,Susie Smythe,Female
293,294,Crusty McPeet,Male
294,295,Verona Dempsey,Female
295,296,J.C. Chasez,Male
296,297,Curt Crunch,Male
297,298,Connie Crunch,Female
298,299,Danica LeBlake,Female
299,300,Guy LAvorton,Male
300,301,Neville Poppenbacher,Male
301,302,Galina Korzhakov,Female
302,303,Mayor Smith Snipper,Male
303,304,Grey,Female
304,305,Wu,Male
305,306,Jimmy,Male
306,307,Cindy,Female
307,308,Drill Sergeant Payne,Male
308,309,Spencer Johnson,Male
309,310,Professor Emmanuel Raffalo,Male
310,311,Grady Gator,Male
311,312,Greta Gator,Female
312,313,Gunther Gator,Male
313,314,Rung Ladderton,Male
314,315,Bud Shelton,Male
315,316,Mary Anne Gleardan,Female
316,317,Alice May,Female
317,318,Daniel Prezette,Male
318,319,Gill Littlefoot,Male
319,320,Max Minner,Male
320,321,Jax Minner,Male
321,322,Mrs. Wyatt,Female
322,323,Sheila Altoonian,Female
323,324,Howard E. Roberts,Male
324,325,Grandma Moonbeam,Female
325,326,Funky Phantom,Male
326,327,Maxwell,Male
327,328,Amanda Smythe,Female
328,329,Mr. Wang,Male
329,330,Mai Le,Female
330,331,Argus Fentonpoof,Male
331,332,Ernesto,Male
332,333,Hotdog Water,Female
333,334,Marion Spartan,Female
334,335,Professor Pericles,Male
335,336,Deputy Bucky,Male
336,337,Mayor Fred Jones Sr.,Male
337,338,Curator Vronsky,Male
338,339,Baylor Hotner,Male
339,340,Horbert Feist,Male
340,341,Ned Fussbuster,Male
341,342,Butch Firbanks,Male
342,343,Evallo von Meanskrieg,Male
343,344,Gary,Male
344,345,Ethan,Male
345,346,Dan Fluunk,Male
346,347,Benson Fuhrman,Male
347,348,Fred Jones Jr.,Male
348,349,Daphnie Blake,Female
349,350,Velma Dinkley,Female
350,351,Shaggy Rodgers,Male
351,352,Scooby-Doo,Male
352,353,Sheriff Bronson Stone,Male
353,354,Mayor Janet Nettles,Female
354,355,Fred Jones Sr.,Male
355,356,Jason Wyatt,Male
356,357,Dr. Zin,Male
357,358,Jenny,Female
358,359,George Avocados,Male
359,360,Traveler OFlaherty,Male
360,361,Connor OFlaherty,Male
361,362,Sheela OFlaherty,Female
362,363,Rude Boy and the Ska-Tastics,Male
363,364,Francilee Jackson,Female
364,365,Librarian,Male
365,366,Brad Chiles,Male
366,367,Judy Reeves,Female
367,368,Fernando El Aguirre,Male
368,369,Prof. Enrique Andelusossa,Male
369,370,Mitchell Simons,Male
370,371,Joe Simons,Male
371,372,Chuck Mangum,Male
372,373,Thorn,Male
373,374,Dahlia,Female
374,375,Carli,Female
375,376,Dustin Wallswreath,Male
376,377,Prof. Salazar,Female
377,378,Colson McCready,Male
378,379,Bradwick Haverall,Male
379,380,Jasper Crawl,Male
380,381,Jack Howard,Male
381,382,Mallory ONeill,Female
382,383,General Stall,Male
383,384,Ruby Lutz,Female
384,385, Trudy Lutz,Female
385,386,David,Male
386,387,Alistair Leventhal,Male
387,388,Stealin Stan,Male
388,389,Ed Johnson,Male
389,390,Piero,Male
390,391,Dwayne,Male
391,392,Heidi Ho Swift,Female
392,393,Colin McQuaid,Male
393,394,Jonathan,Male
394,395,Old Tom,Male
395,396,Kimmys Mother,Female
396,397,Nates Mother,Female
397,398,Gustavo,Male
398,399,Oopsy,Male
399,400,Donald,Male
400,401,Edith,Female
401,402,Ranger Mark,Male
402,403,Dayton Knight,Male
403,404,Bellington,Male
404,405,Miguel,Male
405,406,Harvey,Male
406,407,Sheriff Boon,Male
407,408,Paco,Male
408,409,Estelle Brady,Female
409,410,Tobor,Male
410,411,Ichi,Female
411,412,Other Spies,Male
412,413,Mrs. Clune,Female
413,414,Mr. Clune,Male
414,415,Mr. Kagawa,Male
415,416,Violet Oberon,Female
416,417,Dr. Buggly,Male
417,418,Officer Soung,Male
418,419,Josh,Male
419,420,Lori Logan,Female
420,421,Saul Twinkelshine,Male
421,422,Greg Twinkelshine,Male
422,423,Aeslop,Male
423,424,Prince Shlemielius,Male
424,425,Dorbin,Male
425,426,Bubby,Female
426,427,Dillingsley,Male
427,428,Dr. Blum,Male
428,429,Lori Walsh,Female
429,430,Mrs. Anja,Female
430,431,Grammy Rodgers,Female
431,432,Officer Mike,Male
432,433,Zara,Female
433,434,Megan Flemmming,Female
434,435,Mrs. Baker,Male
435,436,Carl Baker,Female
436,437,Rose,Female
437,438,Rose Henchman,Male
438,439,Rose Henchman, Male
439,440,Lydia,Female
440,441,Dr.Cutler,Male
441,442,Oft-Injured Willy,Male
442,443,Karen,Female
443,444,Caddy,Male
444,445,Jebb,Male
445,446,Mr. Peebles,Male
446,447,Security Gaurd,Male
447,448,Beefeater,Male
448,449,Antique Dealer,Male
449,450,Curator,Male
450,451,Teller,Male
451,452,Janitor,Female
452,453,Bill Tally,Male
453,454,Pete,Male
454,455,Sias Trainer,Female
455,456,A.J. Dobbs,Male
456,457,Joker,Male
457,458,Cafeteria Lady,Female
458,459,Coach Roachner,Male
459,460,Captain Cutler,Male
460,461,Henry Bascomb,Male
461,462,C.L. Magnus,Male
462,463,Mr.Wickles,Male
463,464,Simone,Female
464,465,Buck Masters,Male
465,466,Trickster,Male
466,467,Poetry Slam Promoter,Male
467,468,Nana,Female
468,469,Baz Bozzington,Male
469,470,Madame Zobrinsky,Female
470,471,Food Truck Chef Lady,Female
471,472,Malcolm McDowell,Male
472,473,Xander,Female
473,474,Christian Slater,Male
474,475,Jacques Pierre,Male
475,476,Pierre Jacques,Male
476,477,John Lupointe,Male
477,478,Jeremy Snickerson,Male
478,479,Jeanene Snickersen,Female
479,480,Big Bob McAllister,Male
480,481,Big Eddy Eats,Male
481,482,Cache Blanc,Male
482,483,Alton Brown,Male
483,484,Marla,Female
484,485,Johann Stever,Male
485,486,Ski Instructor,Male
486,487,Caterer,Male
487,488,Caretaker,Male
488,489,Macklemore,Male
489,490,Bevin,Male
490,491,Tabitha,Female
491,492,Waitress,Female
492,493,Cook,Male
493,494,Janitor,Male
494,497,test culprit,male
495,498,test culprit,male
496,499,test culprit,male
497,501,test culprit 2,male
498,506,test culprit 5,male
499,507,test culprit 7,male
500,508,test culprit 8,male
501,509,test culprit 9,male
502,536,test culprit 16,male
503,538,test culprit 17,male
504,539,test culprit 19,male
505,540,test culprit 50,male
506,543,yo,yo
507,544,hello,male
