,setting_id,setting_terrain,setting_place
0,1,Urban,United States
1,2,Coast,United States
2,3,Island,United States
3,4,Cave,California
4,5,Desert,United States
5,6,Forest,United States
6,7,Swamp,United States
7,8,Ocean,United States
8,9,Rural,United States
9,10,Snow,United States
10,11,Urban,California
11,12,Jungle,Hawaii
12,13,Snow,Vermont
13,14,Urban,Tennessee
14,15,Rural,Massachusetts
15,16,Coast,Missouri
16,17,Desert,Iran
17,18,Forest,California
18,19,Rural,Mississippi
19,20,Rural,Mexico
20,21,Swamp,Georgia
21,22,Forest,Canada
22,23,Urban,Washington
23,24,Rural,Texas
24,25,Urban,Washington D.C.
25,26,Mountain,Switzerland
26,27,Urban,Japan
27,28,Coast,Mexico
28,29,Urban,England
29,30,Mountain,United States
30,31,Swamp,Florida
31,32,Urban,Hong Kong
32,33,Desert,Africa
33,34,Rural,Scotland
34,35,Rural,France
35,36,Rural,Australia
36,37,Rural,Greece
37,38,Rural,Missouri
38,39,Urban,Italy
39,40,Rural,North Carolina
40,41,Desert,Egypt
41,42,Forest,England
42,43,Urban,Spain
43,44,Mountain,Nepal
44,45,Jungle,India
45,46,Desert,Israel
46,47,Jungle,Africa
47,48,Desert,Arizona
48,49,Rural,Ireland
49,50,Island,Hawaii
50,51,Snow,Norway
51,52,Snow,Canada
52,53,Island,French Polynesia
53,54,Rural,Netherlands
54,55,Urban,Canada
55,56,Urban,Iraq
56,57,Forest,Indian Reserve
57,58,Snow,Russia
58,59,Island,Caribbean
59,60,Island,Bermuda Triangle
60,61,Urban,New York
61,62,Urban,Turkey
62,63,Jungle,Brazil
63,64,Rural,Romania
64,65,Rural,New Zealand
65,66,Cave,Turkey
66,67,Urban,Louisiana
67,68,Ocean,Atlantis
68,69,Desert,Morocco
69,70,Urban,Poland
70,71,Jungle,Siam
71,72,Moon,Moon
72,73,Urban,China
73,74,Island,Puerto Rico
74,75,Coast,Florida
75,76,Urban,New Jersey
76,77,Space,Space
77,78,Desert,Saudi Arabia
78,79,Mountain,South America
79,80,Snow,Switzerland
80,81,Snow,Alaska
81,82,Desert,Mars
82,83,Rural,Austria
83,84,Cave,United States
84,85,Urban,France
85,86,Rural,England
86,87,Cave,China
87,88,Forest,Ireland
88,89,Forest,Pre-Historic
89,90,Coast,Norway
90,91,Island,South America
91,92,Jungle,Mexico
92,93,Desert,California
93,94,Rural,California
94,95,Forest,Romania
95,96,Coast,Denmark
96,97,Island,Greece
97,98,Snow,Antarctica
98,99,Urban,Nevada
99,100,Snow,Tibet
100,101,Ocean,Bermuda Triangle
101,102,Jungle,Costa Rica
102,103,Jungle,Malawi
103,104,Rural,Italy
104,105,Desert,Mexico
105,106,Urban,Ohio
106,107,Desert,New Mexico
107,108,Rural,Wisconsin
108,109,Urban,Russia
109,110,Rural,Kentukey
110,111,Coast,Australia
111,112,Jungle,South America
112,113,Ocean,Mexico
113,114,Desert,Texas
114,115,Swamp,California
115,116,Coast,California
116,117,Ocean,California
117,118,Desert,Nevada
118,119,Air,United States
119,120,Swamp,Louisiana
120,121,Urban,Florida
121,122,Rural,Pennsylvania
122,123,Urban,Illinois
123,124,Urban,Georgia
124,125,Snow,Pennsylvania
125,126,Rural,Japan
126,127,Urban,Pennsylvania
127,128,Forest,Germany
128,129,Snow,Austria
129,130,Mountain,Colorado
130,131,Urban,Kentucky
131,138,yo,yo
132,139,California,Urban
133,140,United States,Desert
134,141,United States of America,Desert
