-- MySQL dump 10.13  Distrib 8.0.28, for macos12.2 (x86_64)
--
-- Host: 127.0.0.1    Database: ScoobyDoo
-- ------------------------------------------------------
-- Server version	8.0.28

USE scooby_doo;

/*!40101 SET @OLD_CHARACTER_SET_CLIENT=@@CHARACTER_SET_CLIENT */;
/*!40101 SET @OLD_CHARACTER_SET_RESULTS=@@CHARACTER_SET_RESULTS */;
/*!40101 SET @OLD_COLLATION_CONNECTION=@@COLLATION_CONNECTION */;
/*!50503 SET NAMES utf8mb4 */;
/*!40103 SET @OLD_TIME_ZONE=@@TIME_ZONE */;
/*!40103 SET TIME_ZONE='+00:00' */;
/*!40014 SET @OLD_UNIQUE_CHECKS=@@UNIQUE_CHECKS, UNIQUE_CHECKS=0 */;
/*!40014 SET @OLD_FOREIGN_KEY_CHECKS=@@FOREIGN_KEY_CHECKS, FOREIGN_KEY_CHECKS=0 */;
/*!40101 SET @OLD_SQL_MODE=@@SQL_MODE, SQL_MODE='NO_AUTO_VALUE_ON_ZERO' */;
/*!40111 SET @OLD_SQL_NOTES=@@SQL_NOTES, SQL_NOTES=0 */;

--
-- Table structure for table `Culprits`
--

DROP TABLE IF EXISTS `Culprits`;
/*!40101 SET @saved_cs_client     = @@character_set_client */;
/*!50503 SET character_set_client = utf8mb4 */;
CREATE TABLE `Culprits` (
  `culprit_id` int NOT NULL AUTO_INCREMENT,
  `culprit_name` varchar(60) NOT NULL,
  `culprit_gender` text,
  PRIMARY KEY (`culprit_id`),
  UNIQUE KEY `Culprits_culprit_id_uindex` (`culprit_id`),
  KEY `Culprits_culprit_name_index` (`culprit_name`)
) ENGINE=InnoDB AUTO_INCREMENT=495 DEFAULT CHARSET=utf8mb4 COLLATE=utf8mb4_0900_ai_ci;
/*!40101 SET character_set_client = @saved_cs_client */;

--
-- Dumping data for table `Culprits`
--

INSERT INTO `Culprits` VALUES (1,'Mr. Wickles','Male'),(2,'Cptn. Cuttler','Male'),(3,'Bluestone the Great','Male'),(4,'Hank','Male'),(5,'Buck Master','Male'),(6,'Uncle Stuart','Male'),(7,'Carl','Male'),(8,'Sarah Jenkins','Female'),(9,'Mr. Pietro','Male'),(10,'Harry the Hypnotist','Male'),(11,'Big Bob Oakly','Male'),(12,'Dr. Najib','Male'),(13,'Zeke','Male'),(14,'Zeb Perkins','Male'),(15,'Mr. Magnus','Male'),(16,'Henry Bascombe','Male'),(17,'Cosgood Creeps','Male'),(18,'Mr. Crawls','Male'),(19,'Mr. Greenway','Male'),(20,'Dr. Jekyll','Male'),(21,'A. Fong','Male'),(22,'Prof. Wayne','Male'),(23,'Mr. Carswell','Male'),(24,'Penrod Stillwall','Male'),(25,'John Simms','Male'),(26,'Sheep Rustler','Male'),(27,'Mr. Rodger Stevens','Male'),(28,'Rhino','Male'),(29,'Amos Crunch','Male'),(30,'Mrs. Baker','Female'),(31,'House Keeping Man','Male'),(32,'House Keeping Woman','Female'),(33,'Simon Shakey','Male'),(34,'Captain Moody\'s Nephews','Male'),(35,'Alberto','Male'),(36,'Zalia Z. Fairchild','Male'),(37,'Milo Meekly','Male'),(38,'Gene Haultrey','Male'),(39,'Jonathan Crabtree','Male'),(40,'Mr. Siegfried','Male'),(41,'Oil Pirate','Male'),(42,'Duke of Strathmore','Male'),(43,'Cyrus Wheedly','Male'),(44,'Bertha','Female'),(45,'Ben Bing','Male'),(46,'The Joker','Male'),(47,'The Penguin','Male'),(48,'Morgan','Male'),(49,'Winslow','Male'),(50,'Selby','Male'),(51,'Scorpions Owner','Male'),(52,'Scorpions Coach','Male'),(53,'Scorpions Trainer','Male'),(54,'Jack Canna','Male'),(55,'Jack Canna\'s Partner','Male'),(56,'Abdullah','Male'),(57,'Jesse Finster','Male'),(58,'Mr Griffith\'s Twin Brother','Male'),(59,'Otto','Male'),(60,'Lorne Chumley','Male'),(61,'P.J. Peabody','Male'),(62,'Mr. Crink','Male'),(63,'Sterling Smith','Male'),(64,'Masked Marvel','Male'),(65,'Jim Rivets','Male'),(66,'Red Sparks','Male'),(67,'Prof. Stonehack','Male'),(68,'Elina Stonehack','Female'),(69,'Alice Dovely','Female'),(70,'Mr. Voltner','Male'),(71,'Mayor Dudley','Male'),(72,'Elwood Crane','Male'),(73,'Zarko','Male'),(74,'Officer Oldfield','Male'),(75,'Mr. Dilly','Male'),(76,'Rodger','Male'),(77,'Lila','Female'),(78,'Sam Crenshaw','Male'),(79,'Sam Farren','Male'),(80,'Lenny','Male'),(81,'Sam Farren\'s Foreman','Male'),(82,'Mr. Wells','Male'),(83,'Mr. Carp','Male'),(84,'Buck Bender','Male'),(85,'Sammy the Shrimp','Male'),(86,'Mr. Clive','Male'),(87,'Mr. Wilit','Male'),(88,'Mr. Hansen','Male'),(89,'Leon Vanaugh','Male'),(90,'Mr Bohannon','Male'),(91,'Jim Moss','Male'),(92,'Ken Rodgers','Male'),(93,'Aggie Wilkins','Female'),(94,'Zeke Harkins','Male'),(95,'Professor Von Klamp','Male'),(96,'Simon Grady','Male'),(97,'Bank Robber','Male'),(98,'Captain Clements','Male'),(99,'Grey Fox','Male'),(100,'Dr. Grimsley','Male'),(101,'Jean Pierre Baptiste','Male'),(102,'Arlene Wilcox\'s Sister','Female'),(103,'Gar Mooney','Male'),(104,'Mr. Stoner','Male'),(105,'Jamie Craigmore','Male'),(106,'Mama Mione','Female'),(107,'Barney','Male'),(108,'Luis','Male'),(109,'Mr. Bixby','Male'),(110,'Proff. Greer','Male'),(111,'Ace Decade','Male'),(112,'Chin Wong Sing','Male'),(113,'Mario','Male'),(114,'Cptn. Eddy','Male'),(115,'Nick Thomas','Male'),(116,'John Thomas','Male'),(117,'Julie Johnson','Female'),(118,'Howard Gruger','Male'),(119,'Mr. Marino','Male'),(120,'Tessie','Female'),(121,'Bill Walker','Male'),(122,'First Mate Defarge','Male'),(123,'Eddie Drake','Male'),(124,'Mr. Husai','Male'),(125,'Chuck Hunt','Male'),(126,'Tiger Morris','Male'),(127,'Lefty Callahan','Female'),(128,'Mr. Greenfield','Male'),(129,'Brandon Davies','Male'),(130,'Will Henry Pratt','Male'),(131,'Morgan the Magician','Male'),(132,'Nick Papas','Male'),(133,'Tony','Male'),(134,'Chinese Food Factory Burglar','Male'),(135,'Sailor','Male'),(136,'Boss','Male'),(137,'Inkeeper','Male'),(138,'Nazrat of the Jungle','Male'),(139,'Killer Krunch','Male'),(140,'Orderly','Male'),(141,'Bulldog','Male'),(142,'Cheft','Male'),(143,'Adolf','Male'),(144,'Sergent','Male'),(145,'Taj Mahal Gaurd','Male'),(146,'Bandit','Male'),(147,'Wilbur','Male'),(148,'Great-Grandpa Scooby','Male'),(149,'Dr. Wolf','Male'),(150,'Gardener','Male'),(151,'Baron Lundwaft','Male'),(152,'Big Thug','Male'),(153,'Small Thug','Male'),(154,'Bruiser','Male'),(155,'Bugsy Burton','Male'),(156,'Mrs. Higgins','Female'),(157,'Von Scareheim','Male'),(158,'Cameraman','Male'),(159,'Big Ed','Male'),(160,'Ms. Bulgravia','Female'),(161,'Bruno','Male'),(162,'Hamburger Haven Owner','Male'),(163,'Ivan','Male'),(164,'Tank','Male'),(165,'Squeak','Male'),(166,'Vendetta','Female'),(167,'Mr. Morley','Male'),(168,'Fingers Malone','Male'),(169,'Michelos','Male'),(170,'Pistons McGee','Male'),(171,'Johnathan Johnson','Male'),(172,'Cousin Sherwood','Male'),(173,'Professor Busby','Male'),(174,'Cowabunga Carlyle','Male'),(175,'Quanto','Male'),(176,'Bentley','Male'),(177,'Dr. LaRue','Male'),(178,'Toby Wallace','Male'),(179,'Milo Damp','Male'),(180,'Randal Bakko','Male'),(181,'Mr. Cyclops','Male'),(182,'Amy Simons','Male'),(183,'Darcy','Male'),(184,'Chameleon','Male'),(185,'Danny Divine','Male'),(186,'Commandante','Male'),(187,'Jerry','Male'),(188,'Mr. Kronos','Male'),(189,'Reggie Rungout','Male'),(190,'Mickey Hack','Male'),(191,'Crocker Pitt','Male'),(192,'Chef Gustav','Male'),(193,'Sidney Gasper','Male'),(194,'Dr. Natasha','Female'),(195,'Little Guy','Male'),(196,'Beatrice Whimsey','Female'),(197,'Alex Anders','Male'),(198,'Stuyvesant','Male'),(199,'Orson Kane','Male'),(200,'Ratfield','Male'),(201,'Rosey Crans','Female'),(202,'Gilly Stern','Male'),(203,'Thaddeus Blimp','Male'),(204,'Wilmer','Male'),(205,'Proff. Mikos','Male'),(206,'Cecil','Male'),(207,'Harley Finster','Male'),(208,'Mrs. Van Loon','Female'),(209,'Codefinger','Male'),(210,'Harriet Mullins','Female'),(211,'Harriet Mullin\'s Associate','Male'),(212,'Abdul','Male'),(213,'Punjab','Male'),(214,'Katerina Kobald','Female'),(215,'Dr. Carlin','Male'),(216,'Igor','Male'),(217,'Chandra','Female'),(218,'Ambassador of Klopstokia','Male'),(219,'Ambassador\'s Wife','Female'),(220,'Pops Baloney','Male'),(221,'Lesser Band Thief','Female'),(222,'Mr. Stapleton','Male'),(223,'Dimwittie','Male'),(224,'Parker','Male'),(225,'Nanette Musette','Female'),(226,'Mr. Conrad','Male'),(227,'Mr. Buckston','Male'),(228,'Wendel McWendel','Male'),(229,'Larry P. Acme','Male'),(230,'Prestina','Female'),(231,'Molly the Moll','Female'),(232,'Manny the Mauler','Male'),(233,'Mr. Forester','Male'),(234,'Dr. Dayton','Male'),(235,'Sandy Sneakers','Female'),(236,'Al','Male'),(237,'Jack','Male'),(238,'Mr. Ryan','Male'),(239,'Mr. Gordon','Male'),(240,'Vincent Thorn','Male'),(241,'Mr. Trixenstuff','Male'),(242,'Barbara Simone','Female'),(243,'Mr. Dilton','Male'),(244,'Casmer Codwaller','Male'),(245,'Skippy Johnson','Male'),(246,'Bruce Wormsley','Male'),(247,'Paula P. Casso','Female'),(248,'Joey Jipner','Male'),(249,'Red Herring','Male'),(250,'Simon Simons','Male'),(251,'Crusty Baker','Male'),(252,'Herbert Blaum','Male'),(253,'Proff. Digmi','Male'),(254,'Buster McMuttMauler','Male'),(255,'Bernice Binder','Female'),(256,'Lester Leonard','Male'),(257,'Avalanche Anderson','Male'),(258,'Luis Cepeda','Male'),(259,'Heather Lane','Female'),(260,'Janet Lawrence','Female'),(261,'Crawdad Mike','Male'),(262,'Susan Dinwiddle','Female'),(263,'Phylidia Flanders','Female'),(264,'Terry','Female'),(265,'Honey Honsecker','Female'),(266,'Henry Honsecker','Male'),(267,'Crunch Granville','Male'),(268,'Proff. William Fagen Higginson','Male'),(269,'Walter Claphammer','Male'),(270,'Vincent Wong','Male'),(271,'Captain Guzman','Male'),(272,'Ugo DiRinaldi','Male'),(273,'Bob Taylor','Male'),(274,'Proff. Pomfrit','Male'),(275,'Qasl Al-Famir','Male'),(276,'Madamoiselle Chantal','Female'),(277,'Gibby Norton','Male'),(278,'Baron Fortescu','Male'),(279,'Steve Fortescu','Male'),(280,'Marcy','Female'),(281,'Meadow','Female'),(282,'Scar','Male'),(283,'Skull','Male'),(284,'Rutie Banez','Female'),(285,'Zeke Zillon','Male'),(286,'Jack Hunter','Male'),(287,'Eve De La Faye','Female'),(288,'Penelope Bailey','Female'),(289,'Trudey Lowe','Female'),(290,'Jamison Steven Ripley','Male'),(291,'Monroe Hopper','Male'),(292,'Henry Thornwald','Male'),(293,'Susie Smythe','Female'),(294,'Crusty McPeet','Male'),(295,'Verona Dempsey','Female'),(296,'J.C. Chasez','Male'),(297,'Curt Crunch','Male'),(298,'Connie Crunch','Female'),(299,'Danica LeBlake','Female'),(300,'Guy L\'Avorton','Male'),(301,'Neville Poppenbacher','Male'),(302,'Galina Korzhakov','Female'),(303,'Mayor Smith Snipper','Male'),(304,'Grey','Female'),(305,'Wu','Male'),(306,'Jimmy','Male'),(307,'Cindy','Female'),(308,'Drill Sergeant Payne','Male'),(309,'Spencer Johnson','Male'),(310,'Professor Emmanuel Raffalo','Male'),(311,'Grady Gator','Male'),(312,'Greta Gator','Female'),(313,'Gunther Gator','Male'),(314,'Rung Ladderton','Male'),(315,'Bud Shelton','Male'),(316,'Mary Anne Gleardan','Female'),(317,'Alice May','Female'),(318,'Daniel Prezette','Male'),(319,'Gill Littlefoot','Male'),(320,'Max Minner','Male'),(321,'Jax Minner','Male'),(322,'Mrs. Wyatt','Female'),(323,'Sheila Altoonian','Female'),(324,'Howard E. Roberts','Male'),(325,'Grandma Moonbeam','Female'),(326,'Funky Phantom','Male'),(327,'Maxwell','Male'),(328,'Amanda Smythe','Female'),(329,'Mr. Wang','Male'),(330,'Mai Le','Female'),(331,'Argus Fentonpoof','Male'),(332,'Ernesto','Male'),(333,'Hotdog Water','Female'),(334,'Marion Spartan','Female'),(335,'Professor Pericles','Male'),(336,'Deputy Bucky','Male'),(337,'Mayor Fred Jones Sr.','Male'),(338,'Curator Vronsky','Male'),(339,'Baylor Hotner','Male'),(340,'Horbert Feist','Male'),(341,'Ned Fussbuster','Male'),(342,'Butch Firbanks','Male'),(343,'Evallo von Meanskrieg','Male'),(344,'Gary','Male'),(345,'Ethan','Male'),(346,'Dan Fluunk','Male'),(347,'Benson Fuhrman','Male'),(348,'Fred Jones Jr.','Male'),(349,'Daphnie Blake','Female'),(350,'Velma Dinkley','Female'),(351,'Shaggy Rodgers','Male'),(352,'Scooby-Doo','Male'),(353,'Sheriff Bronson Stone','Male'),(354,'Mayor Janet Nettles','Female'),(355,'Fred Jones Sr.','Male'),(356,'Jason Wyatt','Male'),(357,'Dr. Zin','Male'),(358,'Jenny','Female'),(359,'George Avocados','Male'),(360,'Traveler O\'Flaherty','Male'),(361,'Connor O\'Flaherty','Male'),(362,'Sheela O\'Flaherty','Female'),(363,'Rude Boy and the Ska-Tastics','Male'),(364,'Francilee Jackson','Female'),(365,'Librarian','Male'),(366,'Brad Chiles','Male'),(367,'Judy Reeves','Female'),(368,'Fernando El Aguirre','Male'),(369,'Prof. Enrique Andelusossa','Male'),(370,'Mitchell Simons','Male'),(371,'Joe Simons','Male'),(372,'Chuck Mangum','Male'),(373,'Thorn','Male'),(374,'Dahlia','Female'),(375,'Carli','Female'),(376,'Dustin Wallswreath','Male'),(377,'Prof. Salazar','Female'),(378,'Colson McCready','Male'),(379,'Bradwick Haverall','Male'),(380,'Jasper Crawl','Male'),(381,'Jack Howard','Male'),(382,'Mallory O\'Neill','Female'),(383,'General Stall','Male'),(384,'Ruby Lutz','Female'),(385,' Trudy Lutz','Female'),(386,'David','Male'),(387,'Alistair Leventhal','Male'),(388,'Stealin\' Stan','Male'),(389,'Ed Johnson','Male'),(390,'Piero','Male'),(391,'Dwayne','Male'),(392,'Heidi Ho Swift','Female'),(393,'Colin McQuaid','Male'),(394,'Jonathan','Male'),(395,'Old Tom','Male'),(396,'Kimmy\'s Mother','Female'),(397,'Nate\'s Mother','Female'),(398,'Gustavo','Male'),(399,'Oopsy','Male'),(400,'Donald','Male'),(401,'Edith','Female'),(402,'Ranger Mark','Male'),(403,'Dayton Knight','Male'),(404,'Bellington','Male'),(405,'Miguel','Male'),(406,'Harvey','Male'),(407,'Sheriff Boon','Male'),(408,'Paco','Male'),(409,'Estelle Brady','Female'),(410,'Tobor','Male'),(411,'Ichi','Female'),(412,'Other Spies','Male'),(413,'Mrs. Clune','Female'),(414,'Mr. Clune','Male'),(415,'Mr. Kagawa','Male'),(416,'Violet Oberon','Female'),(417,'Dr. Buggly','Male'),(418,'Officer Soung','Male'),(419,'Josh','Male'),(420,'Lori Logan','Female'),(421,'Saul Twinkelshine','Male'),(422,'Greg Twinkelshine','Male'),(423,'Aeslop','Male'),(424,'Prince Shlemielius','Male'),(425,'Dorbin','Male'),(426,'Bubby','Female'),(427,'Dillingsley','Male'),(428,'Dr. Blum','Male'),(429,'Lori Walsh','Female'),(430,'Mrs. Anja','Female'),(431,'Grammy Rodgers','Female'),(432,'Officer Mike','Male'),(433,'Zara','Female'),(434,'Megan Flemmming','Female'),(435,'Mrs. Baker','Male'),(436,'Carl Baker','Female'),(437,'Rose','Female'),(438,'Rose Henchman','Male'),(439,'Rose Henchman',' Male'),(440,'Lydia','Female'),(441,'Dr.Cutler','Male'),(442,'Oft-Injured Willy','Male'),(443,'Karen','Female'),(444,'Caddy','Male'),(445,'Jebb','Male'),(446,'Mr. Peebles','Male'),(447,'Security Gaurd','Male'),(448,'Beefeater','Male'),(449,'Antique Dealer','Male'),(450,'Curator','Male'),(451,'Teller','Male'),(452,'Janitor','Female'),(453,'Bill Tally','Male'),(454,'Pete','Male'),(455,'Sia\'s Trainer','Female'),(456,'A.J. Dobbs','Male'),(457,'Joker','Male'),(458,'Cafeteria Lady','Female'),(459,'Coach Roachner','Male'),(460,'Captain Cutler','Male'),(461,'Henry Bascomb','Male'),(462,'C.L. Magnus','Male'),(463,'Mr.Wickles','Male'),(464,'Simone','Female'),(465,'Buck Masters','Male'),(466,'Trickster','Male'),(467,'Poetry Slam Promoter','Male'),(468,'Nana','Female'),(469,'Baz Bozzington','Male'),(470,'Madame Zobrinsky','Female'),(471,'Food Truck Chef Lady','Female'),(472,'Malcolm McDowell','Male'),(473,'Xander','Female'),(474,'Christian Slater','Male'),(475,'Jacques Pierre','Male'),(476,'Pierre Jacques','Male'),(477,'John Lupointe','Male'),(478,'Jeremy Snickerson','Male'),(479,'Jeanene Snickersen','Female'),(480,'Big Bob McAllister','Male'),(481,'Big Eddy Eats','Male'),(482,'Cache Blanc','Male'),(483,'Alton Brown','Male'),(484,'Marla','Female'),(485,'Johann Stever','Male'),(486,'Ski Instructor','Male'),(487,'Caterer','Male'),(488,'Caretaker','Male'),(489,'Macklemore','Male'),(490,'Bevin','Male'),(491,'Tabitha','Female'),(492,'Waitress','Female'),(493,'Cook','Male'),(494,'Janitor','Male');

--
-- Table structure for table `Episode_Actors`
--

DROP TABLE IF EXISTS `Episode_Actors`;
/*!40101 SET @saved_cs_client     = @@character_set_client */;
/*!50503 SET character_set_client = utf8mb4 */;
CREATE TABLE `Episode_Actors` (
  `episode_id` int NOT NULL,
  `actor_id` int NOT NULL,
  PRIMARY KEY (`episode_id`,`actor_id`),
  KEY `Episode_Actors_Voice_Actors_actor_id_fk` (`actor_id`),
  CONSTRAINT `Episode_Actors_Episode_Details_episode_id_fk` FOREIGN KEY (`episode_id`) REFERENCES `Episode_Details` (`episode_id`),
  CONSTRAINT `Episode_Actors_Voice_Actors_actor_id_fk` FOREIGN KEY (`actor_id`) REFERENCES `Voice_Actors` (`actor_id`)
) ENGINE=InnoDB DEFAULT CHARSET=utf8mb4 COLLATE=utf8mb4_0900_ai_ci;
/*!40101 SET character_set_client = @saved_cs_client */;

--
-- Dumping data for table `Episode_Actors`
--

INSERT INTO `Episode_Actors` VALUES (1,1),(2,1),(3,1),(4,1),(5,1),(6,1),(7,1),(8,1),(9,1),(10,1),(11,1),(12,1),(13,1),(14,1),(15,1),(16,1),(17,1),(18,1),(19,1),(20,1),(21,1),(22,1),(23,1),(24,1),(25,1),(26,1),(27,1),(28,1),(29,1),(30,1),(31,1),(32,1),(33,1),(34,1),(35,1),(36,1),(37,1),(38,1),(39,1),(40,1),(41,1),(42,1),(43,1),(44,1),(45,1),(46,1),(47,1),(48,1),(49,1),(50,1),(51,1),(52,1),(53,1),(54,1),(55,1),(56,1),(57,1),(58,1),(59,1),(60,1),(61,1),(62,1),(63,1),(64,1),(65,1),(66,1),(69,1),(72,1),(75,1),(78,1),(81,1),(84,1),(87,1),(106,1),(109,1),(112,1),(115,1),(118,1),(121,1),(124,1),(127,1),(130,1),(131,1),(132,1),(133,1),(134,1),(135,1),(136,1),(137,1),(138,1),(139,1),(140,1),(141,1),(142,1),(143,1),(144,1),(145,1),(146,1),(147,1),(148,1),(149,1),(150,1),(151,1),(152,1),(153,1),(264,1),(273,1),(276,1),(280,1),(283,1),(327,1),(328,1),(329,1),(330,1),(331,1),(332,1),(333,1),(334,1),(335,1),(336,1),(337,1),(338,1),(339,1),(340,1),(341,1),(342,1),(343,1),(344,1),(345,1),(346,1),(347,1),(348,1),(349,1),(350,1),(351,1),(352,1),(353,1),(354,1),(355,1),(356,1),(357,1),(358,1),(359,1),(360,1),(361,1),(362,1),(364,1),(365,1),(366,1),(367,1),(368,1),(369,1),(378,1),(395,1),(396,1),(397,1),(398,1),(399,1),(400,1),(401,1),(402,1),(403,1),(404,1),(405,1),(406,1),(407,1),(408,1),(409,1),(410,1),(411,1),(412,1),(413,1),(414,1),(415,1),(416,1),(417,1),(418,1),(419,1),(420,1),(421,1),(422,1),(423,1),(424,1),(425,1),(426,1),(427,1),(428,1),(429,1),(430,1),(431,1),(432,1),(433,1),(434,1),(435,1),(436,1),(437,1),(438,1),(439,1),(440,1),(441,1),(442,1),(443,1),(444,1),(445,1),(446,1),(447,1),(448,1),(449,1),(450,1),(451,1),(452,1),(453,1),(454,1),(455,1),(456,1),(457,1),(458,1),(459,1),(460,1),(461,1),(462,1),(463,1),(464,1),(465,1),(466,1),(467,1),(468,1),(469,1),(470,1),(471,1),(472,1),(473,1),(474,1),(475,1),(476,1),(477,1),(478,1),(479,1),(480,1),(481,1),(482,1),(483,1),(484,1),(485,1),(486,1),(487,1),(488,1),(489,1),(490,1),(491,1),(492,1),(493,1),(494,1),(495,1),(496,1),(497,1),(498,1),(499,1),(500,1),(501,1),(502,1),(503,1),(504,1),(505,1),(506,1),(507,1),(508,1),(509,1),(510,1),(511,1),(512,1),(513,1),(514,1),(515,1),(516,1),(517,1),(518,1),(519,1),(520,1),(521,1),(522,1),(523,1),(524,1),(525,1),(526,1),(527,1),(528,1),(529,1),(530,1),(531,1),(532,1),(533,1),(534,1),(535,1),(536,1),(537,1),(538,1),(539,1),(540,1),(1,2),(2,2),(3,2),(4,2),(5,2),(6,2),(7,2),(8,2),(9,2),(10,2),(11,2),(12,2),(13,2),(14,2),(15,2),(16,2),(17,2),(1,3),(2,3),(3,3),(4,3),(5,3),(6,3),(7,3),(8,3),(9,3),(10,3),(11,3),(12,3),(13,3),(14,3),(15,3),(16,3),(17,3),(18,3),(19,3),(20,3),(21,3),(22,3),(23,3),(24,3),(25,3),(26,3),(27,3),(28,3),(29,3),(30,3),(31,3),(32,3),(33,3),(34,3),(35,3),(36,3),(37,3),(38,3),(39,3),(40,3),(41,3),(42,3),(43,3),(44,3),(45,3),(46,3),(47,3),(48,3),(49,3),(1,4),(2,4),(3,4),(4,4),(5,4),(6,4),(7,4),(8,4),(9,4),(10,4),(11,4),(12,4),(13,4),(14,4),(15,4),(16,4),(17,4),(18,4),(19,4),(20,4),(21,4),(22,4),(23,4),(24,4),(25,4),(26,4),(27,4),(28,4),(29,4),(30,4),(31,4),(32,4),(33,4),(34,4),(35,4),(36,4),(37,4),(38,4),(39,4),(40,4),(41,4),(42,4),(43,4),(44,4),(45,4),(46,4),(47,4),(48,4),(49,4),(50,4),(51,4),(52,4),(53,4),(54,4),(55,4),(56,4),(57,4),(58,4),(59,4),(60,4),(61,4),(62,4),(63,4),(64,4),(65,4),(66,4),(68,4),(69,4),(71,4),(72,4),(74,4),(75,4),(77,4),(78,4),(81,4),(82,4),(84,4),(85,4),(87,4),(89,4),(92,4),(95,4),(96,4),(98,4),(101,4),(103,4),(104,4),(106,4),(108,4),(109,4),(112,4),(115,4),(116,4),(118,4),(121,4),(124,4),(125,4),(127,4),(129,4),(130,4),(131,4),(132,4),(133,4),(134,4),(135,4),(136,4),(137,4),(138,4),(139,4),(140,4),(141,4),(142,4),(143,4),(144,4),(145,4),(146,4),(147,4),(148,4),(149,4),(150,4),(151,4),(152,4),(153,4),(154,4),(155,4),(156,4),(157,4),(158,4),(159,4),(160,4),(161,4),(162,4),(163,4),(164,4),(165,4),(166,4),(167,4),(168,4),(169,4),(170,4),(171,4),(172,4),(173,4),(174,4),(175,4),(176,4),(177,4),(178,4),(179,4),(180,4),(181,4),(182,4),(183,4),(184,4),(185,4),(186,4),(187,4),(188,4),(189,4),(190,4),(191,4),(192,4),(193,4),(194,4),(195,4),(196,4),(197,4),(198,4),(199,4),(200,4),(201,4),(202,4),(203,4),(204,4),(205,4),(206,4),(207,4),(208,4),(209,4),(210,4),(211,4),(212,4),(213,4),(214,4),(215,4),(216,4),(217,4),(218,4),(219,4),(220,4),(221,4),(222,4),(223,4),(224,4),(225,4),(226,4),(227,4),(228,4),(229,4),(230,4),(231,4),(232,4),(233,4),(234,4),(235,4),(236,4),(237,4),(238,4),(239,4),(240,4),(241,4),(242,4),(243,4),(244,4),(245,4),(246,4),(247,4),(248,4),(249,4),(250,4),(251,4),(252,4),(253,4),(254,4),(255,4),(256,4),(257,4),(258,4),(259,4),(260,4),(261,4),(262,4),(263,4),(264,4),(265,4),(266,4),(267,4),(268,4),(269,4),(270,4),(271,4),(272,4),(273,4),(274,4),(275,4),(276,4),(277,4),(278,4),(279,4),(280,4),(281,4),(282,4),(283,4),(284,4),(285,4),(286,4),(287,4),(288,4),(289,4),(290,4),(291,4),(292,4),(293,4),(294,4),(295,4),(296,4),(297,4),(298,4),(299,4),(300,4),(301,4),(302,4),(303,4),(304,4),(305,4),(306,4),(307,4),(308,4),(309,4),(310,4),(311,4),(312,4),(313,4),(314,4),(315,4),(316,4),(317,4),(318,4),(319,4),(320,4),(321,4),(322,4),(323,4),(324,4),(325,4),(326,4),(327,4),(328,4),(329,4),(330,4),(331,4),(332,4),(333,4),(334,4),(335,4),(336,4),(337,4),(338,4),(339,4),(340,4),(341,4),(342,4),(343,4),(344,4),(345,4),(346,4),(347,4),(348,4),(349,4),(350,4),(351,4),(352,4),(353,4),(354,4),(355,4),(356,4),(357,4),(358,4),(359,4),(360,4),(361,4),(362,4),(363,4),(364,4),(365,4),(366,4),(367,4),(368,4),(1,5),(2,5),(3,5),(4,5),(5,5),(6,5),(7,5),(8,5),(9,5),(10,5),(11,5),(12,5),(13,5),(14,5),(15,5),(16,5),(17,5),(18,5),(19,5),(20,5),(21,5),(22,5),(23,5),(24,5),(25,5),(26,5),(27,5),(28,5),(29,5),(30,5),(31,5),(32,5),(33,5),(34,5),(35,5),(36,5),(37,5),(38,5),(39,5),(40,5),(41,5),(42,5),(43,5),(44,5),(45,5),(46,5),(47,5),(48,5),(49,5),(50,5),(51,5),(52,5),(53,5),(54,5),(55,5),(56,5),(57,5),(58,5),(59,5),(60,5),(61,5),(62,5),(63,5),(64,5),(65,5),(66,5),(67,5),(68,5),(69,5),(70,5),(71,5),(72,5),(74,5),(75,5),(77,5),(78,5),(81,5),(82,5),(84,5),(87,5),(89,5),(91,5),(93,5),(94,5),(96,5),(98,5),(99,5),(101,5),(103,5),(104,5),(106,5),(108,5),(109,5),(112,5),(115,5),(116,5),(117,5),(118,5),(121,5),(124,5),(125,5),(127,5),(129,5),(130,5),(131,5),(132,5),(133,5),(134,5),(135,5),(136,5),(137,5),(138,5),(139,5),(140,5),(141,5),(142,5),(143,5),(144,5),(145,5),(146,5),(147,5),(148,5),(149,5),(150,5),(151,5),(152,5),(153,5),(154,5),(155,5),(156,5),(157,5),(158,5),(159,5),(160,5),(161,5),(162,5),(163,5),(164,5),(165,5),(166,5),(167,5),(168,5),(169,5),(170,5),(171,5),(172,5),(173,5),(174,5),(175,5),(176,5),(177,5),(178,5),(179,5),(180,5),(181,5),(182,5),(183,5),(184,5),(185,5),(186,5),(187,5),(188,5),(189,5),(190,5),(191,5),(192,5),(193,5),(194,5),(195,5),(196,5),(197,5),(198,5),(199,5),(200,5),(201,5),(202,5),(203,5),(204,5),(205,5),(206,5),(207,5),(208,5),(209,5),(210,5),(211,5),(212,5),(213,5),(214,5),(215,5),(216,5),(217,5),(218,5),(219,5),(220,5),(221,5),(222,5),(223,5),(224,5),(225,5),(226,5),(227,5),(228,5),(229,5),(230,5),(231,5),(232,5),(233,5),(234,5),(235,5),(236,5),(237,5),(238,5),(239,5),(240,5),(241,5),(242,5),(243,5),(244,5),(245,5),(246,5),(247,5),(248,5),(249,5),(250,5),(251,5),(252,5),(253,5),(254,5),(255,5),(256,5),(257,5),(258,5),(259,5),(260,5),(261,5),(262,5),(263,5),(264,5),(265,5),(266,5),(267,5),(268,5),(269,5),(270,5),(271,5),(272,5),(273,5),(274,5),(275,5),(276,5),(277,5),(278,5),(279,5),(280,5),(281,5),(282,5),(283,5),(284,5),(285,5),(286,5),(287,5),(288,5),(289,5),(290,5),(291,5),(292,5),(293,5),(294,5),(295,5),(296,5),(297,5),(298,5),(299,5),(300,5),(301,5),(302,5),(303,5),(304,5),(305,5),(306,5),(307,5),(308,5),(309,5),(310,5),(311,5),(312,5),(313,5),(314,5),(315,5),(316,5),(317,5),(318,5),(319,5),(320,5),(321,5),(322,5),(323,5),(324,5),(325,5),(326,5),(18,6),(19,6),(20,6),(21,6),(22,6),(23,6),(24,6),(25,6),(26,6),(27,6),(28,6),(29,6),(30,6),(31,6),(32,6),(33,6),(34,6),(35,6),(36,6),(37,6),(38,6),(39,6),(40,6),(41,6),(42,6),(43,6),(44,6),(45,6),(46,6),(47,6),(48,6),(49,6),(50,6),(51,6),(52,6),(53,6),(54,6),(55,6),(56,6),(57,6),(58,6),(59,6),(60,6),(61,6),(62,6),(63,6),(64,6),(65,6),(66,6),(69,6),(72,6),(75,6),(78,6),(81,6),(84,6),(87,6),(106,6),(109,6),(112,6),(115,6),(118,6),(121,6),(124,6),(127,6),(130,6),(131,6),(132,6),(133,6),(134,6),(135,6),(136,6),(137,6),(138,6),(139,6),(140,6),(141,6),(142,6),(143,6),(144,6),(145,6),(146,6),(147,6),(148,6),(149,6),(150,6),(151,6),(152,6),(153,6),(240,6),(241,6),(242,6),(243,6),(244,6),(245,6),(246,6),(247,6),(248,6),(249,6),(250,6),(251,6),(252,6),(253,6),(254,6),(255,6),(256,6),(257,6),(258,6),(259,6),(260,6),(261,6),(262,6),(263,6),(264,6),(265,6),(266,6),(267,6),(268,6),(269,6),(270,6),(271,6),(272,6),(273,6),(274,6),(275,6),(276,6),(277,6),(278,6),(279,6),(280,6),(281,6),(282,6),(283,6),(284,6),(285,6),(286,6),(287,6),(288,6),(289,6),(290,6),(291,6),(292,6),(293,6),(294,6),(295,6),(296,6),(50,7),(51,7),(52,7),(53,7),(54,7),(55,7),(56,7),(57,7),(58,7),(59,7),(60,7),(61,7),(62,7),(63,7),(64,7),(65,7),(66,7),(69,7),(72,7),(75,7),(78,7),(81,7),(84,7),(87,7),(106,7),(109,7),(112,7),(115,7),(118,7),(121,7),(124,7),(127,7),(130,7),(131,7),(132,7),(133,7),(134,7),(135,7),(136,7),(137,7),(138,7),(139,7),(140,7),(141,7),(142,7),(143,7),(144,7),(145,7),(146,7),(147,7),(148,7),(149,8),(150,8),(151,8),(152,8),(153,8),(264,8),(273,8),(276,8),(277,8),(297,9),(298,9),(299,9),(300,9),(301,9),(302,9),(303,9),(304,9),(305,9),(306,9),(307,9),(308,9),(309,9),(310,9),(311,9),(312,9),(313,9),(314,9),(315,9),(316,9),(317,9),(318,9),(319,9),(320,9),(321,9),(322,9),(324,9),(326,9),(297,10),(298,10),(299,10),(300,10),(301,10),(302,10),(303,10),(304,10),(305,10),(306,10),(307,10),(308,10),(309,10),(310,10),(311,10),(312,10),(313,10),(314,10),(315,10),(316,10),(317,10),(318,10),(319,10),(320,10),(321,10),(322,10),(324,10),(325,10),(326,10),(297,11),(298,11),(299,11),(300,11),(301,11),(302,11),(303,11),(304,11),(305,11),(306,11),(307,11),(308,11),(309,11),(310,11),(311,11),(312,11),(313,11),(314,11),(315,11),(316,11),(317,11),(318,11),(319,11),(320,11),(321,11),(322,11),(324,11),(325,11),(326,11),(327,12),(328,12),(329,12),(330,12),(331,12),(332,12),(333,12),(334,12),(335,12),(336,12),(337,12),(338,12),(339,12),(340,12),(341,12),(342,12),(343,12),(344,12),(345,12),(346,12),(347,12),(348,12),(349,12),(350,12),(351,12),(352,12),(353,12),(354,12),(355,12),(356,12),(357,12),(358,12),(359,12),(360,12),(361,12),(362,12),(364,12),(365,12),(366,12),(367,12),(368,12),(369,12),(378,12),(395,12),(396,12),(397,12),(398,12),(399,12),(400,12),(401,12),(402,12),(403,12),(404,12),(405,12),(406,12),(407,12),(408,12),(409,12),(410,12),(411,12),(412,12),(413,12),(414,12),(415,12),(416,12),(417,12),(418,12),(419,12),(420,12),(421,12),(422,12),(423,12),(424,12),(425,12),(426,12),(427,12),(428,12),(429,12),(430,12),(431,12),(432,12),(433,12),(434,12),(435,12),(436,12),(437,12),(438,12),(439,12),(440,12),(441,12),(442,12),(443,12),(444,12),(445,12),(446,12),(447,12),(448,12),(449,12),(450,12),(451,12),(452,12),(453,12),(454,12),(455,12),(456,12),(457,12),(458,12),(459,12),(460,12),(461,12),(462,12),(463,12),(464,12),(465,12),(466,12),(467,12),(468,12),(469,12),(470,12),(471,12),(472,12),(473,12),(474,12),(475,12),(476,12),(477,12),(478,12),(479,12),(480,12),(481,12),(482,12),(483,12),(484,12),(485,12),(486,12),(487,12),(488,12),(489,12),(490,12),(491,12),(492,12),(493,12),(494,12),(495,12),(496,12),(497,12),(498,12),(499,12),(500,12),(501,12),(502,12),(503,12),(504,12),(505,12),(506,12),(507,12),(508,12),(509,12),(510,12),(511,12),(512,12),(513,12),(514,12),(515,12),(516,12),(517,12),(518,12),(519,12),(520,12),(521,12),(522,12),(523,12),(524,12),(525,12),(526,12),(527,12),(528,12),(529,12),(530,12),(531,12),(532,12),(533,12),(534,12),(535,12),(536,12),(537,12),(538,12),(539,12),(540,12),(327,13),(328,13),(329,13),(330,13),(331,13),(332,13),(333,13),(334,13),(335,13),(336,13),(337,13),(338,13),(339,13),(340,13),(341,13),(342,13),(343,13),(344,13),(345,13),(346,13),(347,13),(348,13),(349,13),(350,13),(351,13),(352,13),(353,13),(354,13),(355,13),(356,13),(357,13),(358,13),(359,13),(360,13),(361,13),(362,13),(364,13),(365,13),(366,13),(367,13),(368,13),(369,13),(378,13),(395,13),(396,13),(397,13),(398,13),(399,13),(400,13),(401,13),(402,13),(403,13),(404,13),(405,13),(406,13),(407,13),(408,13),(409,13),(410,13),(411,13),(412,13),(413,13),(414,13),(415,13),(416,13),(417,13),(418,13),(419,13),(420,13),(421,13),(422,13),(423,13),(424,13),(425,13),(426,13),(427,13),(428,13),(429,13),(430,13),(431,13),(432,13),(433,13),(434,13),(435,13),(436,13),(437,13),(438,13),(439,13),(440,13),(441,13),(442,13),(443,13),(444,13),(445,13),(446,13),(327,14),(328,14),(329,14),(330,14),(331,14),(332,14),(333,14),(334,14),(335,14),(336,14),(337,14),(338,14),(339,14),(340,14),(341,14),(342,14),(343,14),(344,14),(345,14),(346,14),(347,14),(348,14),(349,14),(350,14),(351,14),(352,14),(353,14),(354,14),(355,14),(356,14),(357,14),(358,14),(359,14),(360,14),(361,14),(362,14),(363,14),(364,14),(365,14),(366,14),(367,14),(368,14),(369,14),(370,14),(371,14),(372,14),(373,14),(374,14),(375,14),(376,14),(377,14),(378,14),(379,14),(380,14),(381,14),(382,14),(383,14),(384,14),(385,14),(386,14),(387,14),(388,14),(389,14),(390,14),(391,14),(392,14),(393,14),(394,14),(395,14),(396,14),(397,14),(398,14),(399,14),(400,14),(401,14),(402,14),(403,14),(404,14),(405,14),(406,14),(407,14),(408,14),(409,14),(410,14),(411,14),(412,14),(413,14),(414,14),(415,14),(416,14),(417,14),(418,14),(419,14),(420,14),(421,14),(422,14),(423,14),(424,14),(425,14),(426,14),(427,14),(428,14),(429,14),(430,14),(431,14),(432,14),(433,14),(434,14),(435,14),(436,14),(437,14),(438,14),(439,14),(440,14),(441,14),(442,14),(443,14),(444,14),(445,14),(446,14),(447,14),(448,14),(449,14),(450,14),(451,14),(452,14),(453,14),(454,14),(455,14),(456,14),(457,14),(458,14),(459,14),(460,14),(461,14),(462,14),(463,14),(464,14),(465,14),(466,14),(467,14),(468,14),(469,14),(470,14),(471,14),(472,14),(473,14),(474,14),(475,14),(476,14),(477,14),(478,14),(479,14),(480,14),(481,14),(482,14),(483,14),(484,14),(485,14),(486,14),(487,14),(488,14),(489,14),(490,14),(491,14),(492,14),(493,14),(494,14),(495,14),(496,14),(497,14),(498,14),(499,14),(500,14),(501,14),(502,14),(503,14),(504,14),(505,14),(506,14),(507,14),(508,14),(509,14),(510,14),(511,14),(512,14),(513,14),(514,14),(515,14),(516,14),(517,14),(518,14),(519,14),(520,14),(521,14),(522,14),(523,14),(524,14),(525,14),(526,14),(527,14),(528,14),(529,14),(530,14),(531,14),(532,14),(533,14),(534,14),(535,14),(536,14),(537,14),(538,14),(539,14),(540,14),(369,15),(370,15),(371,15),(372,15),(373,15),(374,15),(375,15),(376,15),(377,15),(378,15),(379,15),(380,15),(381,15),(382,15),(383,15),(384,15),(385,15),(386,15),(387,15),(388,15),(389,15),(390,15),(391,15),(392,15),(393,15),(394,15),(395,16),(396,16),(397,16),(398,16),(399,16),(400,16),(401,16),(402,16),(403,16),(404,16),(405,16),(406,16),(407,16),(408,16),(409,16),(410,16),(411,16),(412,16),(413,16),(414,16),(415,16),(416,16),(417,16),(418,16),(419,16),(420,16),(421,16),(422,16),(423,16),(424,16),(425,16),(426,16),(427,16),(428,16),(429,16),(430,16),(431,16),(432,16),(433,16),(434,16),(435,16),(436,16),(437,16),(438,16),(439,16),(440,16),(441,16),(442,16),(443,16),(444,16),(445,16),(446,16),(447,16),(448,16),(449,16),(450,16),(451,16),(452,16),(453,16),(454,16),(455,16),(456,16),(457,16),(458,16),(459,16),(460,16),(461,16),(462,16),(463,16),(464,16),(465,16),(466,16),(467,16),(468,16),(469,16),(470,16),(471,16),(472,16),(473,16),(474,16),(475,16),(476,16),(477,16),(478,16),(479,16),(480,16),(481,16),(482,16),(483,16),(484,16),(485,16),(486,16),(487,16),(488,16),(489,16),(490,16),(491,16),(492,16),(493,16),(494,16),(495,16),(496,16),(497,16),(498,16),(499,16),(500,16),(501,16),(502,16),(503,16),(504,16),(505,16),(506,16),(507,16),(508,16),(509,16),(510,16),(511,16),(512,16),(513,16),(514,16),(515,16),(516,16),(517,16),(518,16),(519,16),(520,16),(521,16),(522,16),(523,16),(524,16),(525,16),(526,16),(527,16),(528,16),(529,16),(530,16),(531,16),(532,16),(533,16),(534,16),(535,16),(536,16),(537,16),(538,16),(539,16),(540,16),(447,17),(448,17),(449,17),(450,17),(451,17),(452,17),(453,17),(454,17),(455,17),(456,17),(457,17),(458,17),(459,17),(460,17),(461,17),(462,17),(463,17),(464,17),(465,17),(466,17),(467,17),(468,17),(469,17),(470,17),(471,17),(472,17),(473,17),(474,17),(475,17),(476,17),(477,17),(478,17),(479,17),(480,17),(481,17),(482,17),(483,17),(484,17),(485,17),(486,17),(487,17),(488,17),(489,17),(490,17),(491,17),(492,17),(493,17),(494,17),(495,17),(496,17),(497,17),(498,17),(499,17),(500,17),(501,17),(502,17),(503,17),(504,17),(505,17),(506,17),(507,17),(508,17),(509,17),(510,17),(511,17),(512,17),(513,17),(514,17),(515,17),(516,17),(517,17),(518,17),(519,17),(520,17),(521,17),(522,17),(523,17),(524,17),(525,17),(526,17),(527,17),(528,17),(529,17),(530,17),(531,17),(532,17),(533,17),(534,17),(535,17),(536,17),(537,17),(538,17),(539,17),(540,17);

--
-- Table structure for table `Episode_Culprits`
--

DROP TABLE IF EXISTS `Episode_Culprits`;
/*!40101 SET @saved_cs_client     = @@character_set_client */;
/*!50503 SET character_set_client = utf8mb4 */;
CREATE TABLE `Episode_Culprits` (
  `episode_id` int NOT NULL,
  `culprit_id` int NOT NULL,
  KEY `Episode_Culprits_Culprits_culprit_id_fk` (`culprit_id`),
  KEY `Episode_Culprits_Episode_Details_episode_id_fk` (`episode_id`),
  CONSTRAINT `Episode_Culprits_Culprits_culprit_id_fk` FOREIGN KEY (`culprit_id`) REFERENCES `Culprits` (`culprit_id`),
  CONSTRAINT `Episode_Culprits_Episode_Details_episode_id_fk` FOREIGN KEY (`episode_id`) REFERENCES `Episode_Details` (`episode_id`)
) ENGINE=InnoDB DEFAULT CHARSET=utf8mb4 COLLATE=utf8mb4_0900_ai_ci;
/*!40101 SET character_set_client = @saved_cs_client */;

--
-- Dumping data for table `Episode_Culprits`
--

INSERT INTO `Episode_Culprits` VALUES (1,1),(2,2),(3,3),(4,4),(5,5),(6,6),(7,7),(8,8),(9,9),(10,10),(11,11),(12,12),(13,13),(13,14),(14,15),(15,16),(16,17),(16,18),(17,19),(18,20),(19,21),(20,22),(21,23),(22,24),(23,25),(24,26),(25,27),(26,28),(26,29),(27,30),(28,31),(28,32),(29,33),(30,34),(30,34),(31,35),(32,36),(33,37),(34,38),(35,39),(36,40),(37,41),(38,42),(38,43),(39,44),(39,45),(40,46),(40,47),(41,48),(41,49),(41,50),(42,51),(42,52),(42,53),(43,54),(43,55),(44,56),(45,57),(45,58),(46,59),(46,60),(47,61),(48,62),(48,63),(49,64),(50,65),(50,66),(51,67),(51,68),(52,69),(53,70),(53,71),(54,72),(55,73),(56,74),(57,75),(58,76),(58,77),(59,78),(60,79),(60,80),(60,81),(61,82),(62,83),(63,84),(64,85),(65,86),(65,87),(66,88),(69,89),(72,90),(75,91),(78,92),(81,93),(81,94),(84,95),(84,96),(87,97),(87,98),(106,99),(109,100),(112,101),(115,102),(115,103),(118,104),(121,105),(124,106),(127,107),(127,108),(130,109),(131,110),(132,111),(133,112),(134,113),(135,114),(136,115),(136,116),(137,117),(138,118),(139,119),(140,120),(141,121),(142,122),(143,123),(144,124),(145,125),(146,126),(147,127),(148,128),(149,129),(150,130),(151,131),(152,132),(153,7),(153,133),(156,134),(159,135),(163,136),(167,137),(168,138),(169,139),(174,140),(176,141),(180,142),(182,141),(183,143),(184,144),(191,145),(192,146),(192,147),(195,148),(207,149),(209,150),(211,151),(214,152),(214,153),(215,154),(215,155),(216,156),(217,157),(217,158),(219,159),(220,160),(220,161),(221,162),(221,59),(221,163),(222,164),(222,165),(224,166),(224,161),(226,167),(228,168),(229,169),(230,170),(233,171),(239,172),(240,173),(241,174),(243,175),(244,176),(245,177),(246,178),(247,179),(248,180),(249,181),(249,182),(250,183),(251,184),(253,185),(254,186),(255,187),(256,188),(257,189),(258,190),(259,191),(261,192),(262,193),(262,194),(262,195),(262,196),(263,197),(264,198),(265,199),(266,200),(267,201),(267,202),(268,203),(268,204),(268,205),(269,206),(270,207),(271,208),(272,209),(273,210),(273,211),(273,212),(273,213),(274,214),(275,215),(276,216),(276,217),(277,218),(277,219),(278,220),(279,221),(280,222),(281,223),(282,224),(283,225),(297,226),(298,227),(299,228),(300,229),(301,230),(302,231),(302,232),(303,233),(304,234),(305,235),(305,236),(306,237),(307,238),(308,239),(309,240),(310,241),(311,242),(312,243),(313,244),(314,245),(315,246),(316,247),(317,248),(318,249),(319,250),(320,251),(321,252),(322,253),(323,254),(324,255),(326,256),(327,257),(328,258),(328,259),(329,260),(330,261),(331,262),(332,263),(333,264),(334,265),(334,266),(335,267),(336,268),(337,269),(338,270),(339,271),(339,272),(340,273),(341,274),(342,275),(342,276),(343,277),(345,278),(345,279),(346,280),(347,281),(347,282),(347,283),(348,284),(349,285),(349,286),(349,277),(349,287),(350,288),(350,289),(351,290),(352,291),(353,292),(354,293),(355,294),(355,295),(356,277),(357,296),(358,297),(358,298),(359,299),(359,300),(360,301),(361,302),(362,303),(363,304),(364,305),(365,306),(365,307),(366,308),(367,309),(395,310),(396,311),(396,312),(396,313),(397,314),(398,315),(399,316),(400,317),(401,318),(402,319),(403,320),(403,321),(404,322),(405,323),(406,324),(407,325),(408,326),(409,327),(410,328),(412,329),(412,330),(413,331),(414,332),(415,333),(416,334),(417,335),(418,336),(419,317),(420,337),(422,338),(423,339),(424,340),(425,341),(426,342),(427,343),(428,333),(429,344),(429,345),(430,346),(431,335),(432,347),(433,348),(433,349),(433,350),(433,351),(433,352),(433,353),(433,354),(433,316),(433,355),(433,356),(433,333),(434,357),(434,358),(435,359),(436,360),(436,361),(436,362),(437,335),(438,363),(438,363),(438,363),(438,363),(439,364),(440,365),(441,366),(441,367),(442,368),(443,369),(444,335),(447,370),(447,371),(448,372),(449,373),(449,374),(450,375),(451,376),(452,377),(453,378),(454,379),(455,380),(456,381),(457,382),(458,383),(459,384),(459,385),(460,386),(460,387),(461,388),(462,389),(463,390),(464,391),(465,392),(466,393),(467,394),(467,395),(468,396),(468,397),(469,398),(470,399),(471,400),(471,401),(471,402),(472,403),(473,404),(474,405),(475,406),(476,407),(476,408),(477,409),(478,410),(478,411),(478,412),(479,413),(479,414),(480,415),(481,416),(482,417),(483,418),(484,419),(485,420),(486,421),(486,422),(487,423),(487,424),(488,425),(489,426),(489,427),(490,428),(490,429),(491,430),(492,431),(493,432),(494,433),(494,434),(495,435),(495,436),(497,437),(497,438),(497,439),(498,440),(499,441),(499,442),(499,443),(500,444),(501,445),(502,446),(503,447),(503,448),(504,449),(505,450),(506,451),(507,452),(508,453),(509,454),(509,454),(510,455),(511,456),(512,457),(513,458),(514,459),(515,4),(515,460),(515,461),(515,19),(515,462),(515,463),(515,464),(515,465),(515,3),(515,23),(515,466),(516,306),(517,467),(518,468),(519,469),(520,470),(521,471),(522,472),(523,473),(524,474),(525,475),(525,476),(526,477),(527,478),(527,479),(528,480),(529,481),(530,482),(531,483),(532,484),(533,485),(534,486),(535,487),(536,488),(537,489),(537,490),(538,491),(539,492),(539,493),(539,494),(540,158);

--
-- Table structure for table `Episode_Details`
--

DROP TABLE IF EXISTS `Episode_Details`;
/*!40101 SET @saved_cs_client     = @@character_set_client */;
/*!50503 SET character_set_client = utf8mb4 */;
CREATE TABLE `Episode_Details` (
  `episode_id` int NOT NULL AUTO_INCREMENT,
  `setting_id` int DEFAULT NULL,
  `series_name` varchar(60) DEFAULT NULL,
  `season` int DEFAULT NULL,
  `title` varchar(60) DEFAULT NULL,
  `date_aired` text,
  `run_time` int DEFAULT NULL,
  `monster_real` text,
  `motive` text,
  PRIMARY KEY (`episode_id`),
  UNIQUE KEY `Episode_Details_episode_id_uindex` (`episode_id`),
  KEY `setting_id_fk` (`setting_id`),
  KEY `series_name` (`series_name`),
  CONSTRAINT `setting_id_fk` FOREIGN KEY (`setting_id`) REFERENCES `Settings` (`setting_id`)
) ENGINE=InnoDB AUTO_INCREMENT=541 DEFAULT CHARSET=utf8mb4 COLLATE=utf8mb4_0900_ai_ci;
/*!40101 SET character_set_client = @saved_cs_client */;

--
-- Dumping data for table `Episode_Details`
--

INSERT INTO `Episode_Details` VALUES (1,1,'Scooby Doo, Where Are You!',1,'What a Night for a Knight','9/13/69',21,'FALSE','Theft'),(2,2,'Scooby Doo, Where Are You!',1,'A Clue for Scooby Doo','9/20/69',22,'FALSE','Theft'),(3,3,'Scooby Doo, Where Are You!',1,'Hassle in the Castle','9/27/69',21,'FALSE','Treasure'),(4,4,'Scooby Doo, Where Are You!',1,'Mine Your Own Business','10/4/69',21,'FALSE','Natural Resource'),(5,5,'Scooby Doo, Where Are You!',1,'Decoy for a Dognapper','10/11/69',21,'FALSE','Competition'),(6,1,'Scooby Doo, Where Are You!',1,'What the Hex Going On?','10/18/69',21,'FALSE','Extortion'),(7,5,'Scooby Doo, Where Are You!',1,'Never Ape an Ape Man','10/25/69',21,'FALSE','Competition'),(8,1,'Scooby Doo, Where Are You!',1,'Foul Play in Funland','11/1/69',21,'FALSE','Safety'),(9,1,'Scooby Doo, Where Are You!',1,'The Backstage Rage','11/8/69',21,'FALSE','Counterfeit'),(10,6,'Scooby Doo, Where Are You!',1,'Bedlam in the Big Top','11/15/69',21,'FALSE','Competition'),(11,6,'Scooby Doo, Where Are You!',1,'A Gaggle of Galloping Ghosts','11/22/69',21,'FALSE','Treasure'),(12,1,'Scooby Doo, Where Are You!',1,'Scooby-Doo and a Mummy, Too','11/29/69',21,'FALSE','Theft'),(13,7,'Scooby Doo, Where Are You!',1,'Which Witch is Which','12/6/69',21,'FALSE','Theft'),(14,8,'Scooby Doo, Where Are You!',1,'Go Away Ghost Ship','12/13/69',22,'FALSE','Theft'),(15,9,'Scooby Doo, Where Are You!',1,'Spooky Space Kook','12/20/69',21,'FALSE','Competition'),(16,3,'Scooby Doo, Where Are You!',1,'A Night of Fright Is No Delight','1/10/70',21,'FALSE','Inheritance'),(17,10,'Scooby Doo, Where Are You!',1,'That\'s Snow Ghost','1/17/70',21,'FALSE','Theft'),(18,6,'Scooby Doo, Where Are You!',2,'Nowhere to Hyde','9/12/70',21,'FALSE','Theft'),(19,11,'Scooby Doo, Where Are You!',2,'Mystery Mask Mix-Up','9/19/70',21,'FALSE','Smuggling'),(20,1,'Scooby Doo, Where Are You!',2,'Scooby\'s Night with a Frozen Fright','9/26/70',21,'FALSE','Theft'),(21,9,'Scooby Doo, Where Are You!',2,'Jeepers, It\'s the Creeper','10/3/70',21,'FALSE','Theft'),(22,9,'Scooby Doo, Where Are You!',2,'Haunted House Hang-Up','10/10/70',21,'FALSE','Treasure'),(23,12,'Scooby Doo, Where Are You!',2,'A Tiki Scare Is No Fair','10/17/70',21,'FALSE','Theft'),(24,9,'Scooby Doo, Where Are You!',2,'Who\'s Afraid of the Big Bad Werewolf?','10/24/70',21,'FALSE','Smuggling'),(25,1,'Scooby Doo, Where Are You!',2,'Don\'t Fool with a Phantom','10/31/70',21,'FALSE','Theft'),(26,5,'The New Scooby-Doo Movies',1,'The Ghastly Ghost Town','9/9/72',43,'FALSE','Natural Resource'),(27,9,'The New Scooby-Doo Movies',1,'The Dynamic Scooby-Doo Affair','9/16/72',41,'FALSE','Counterfeit'),(28,6,'The New Scooby-Doo Movies',1,'Wednesday Is Missing','9/23/72',41,'FALSE','Safety'),(29,9,'The New Scooby-Doo Movies',1,'The Frickert Fracas','9/30/72',43,'FALSE','Treasure'),(30,6,'The New Scooby-Doo Movies',1,'Guess Who\'s Knott Coming to Dinner?','10/7/72',43,'FALSE','Inheritance'),(31,6,'The New Scooby-Doo Movies',1,'A Good Medium Is Rare','10/14/72',41,'FALSE','Theft'),(32,1,'The New Scooby-Doo Movies',1,'Sandy Duncan\'s Jekyll and Hyde','10/21/72',41,'FALSE','Preservation'),(33,3,'The New Scooby-Doo Movies',1,'The Secret of Shark Island','10/28/72',41,'FALSE','Treasure'),(34,5,'The New Scooby-Doo Movies',1,'The Spooky Fog of Juneberry','11/4/72',43,'FALSE','Theft'),(35,13,'The New Scooby-Doo Movies',1,'The Ghost of Bigfoot','11/11/72',43,'FALSE','Theft'),(36,9,'The New Scooby-Doo Movies',1,'The Ghost of the Red Baron','11/18/72',43,'FALSE','Competition'),(37,7,'The New Scooby-Doo Movies',1,'The Ghostly Creep from the Deep','11/25/72',43,'FALSE','Natural Resource'),(38,9,'The New Scooby-Doo Movies',1,'The Haunted Horseman of Hagglethorn Hall','12/2/72',41,'FALSE','Competition'),(39,14,'The New Scooby-Doo Movies',1,'The Phantom of the Country Music Hall','12/9/72',41,'FALSE','Theft'),(40,6,'The New Scooby-Doo Movies',1,'The Caped Crusader Caper','12/16/72',43,'FALSE','Theft'),(41,15,'The New Scooby-Doo Movies',1,'The Lochness Mess','12/23/72',43,'FALSE','Treasure'),(42,3,'The New Scooby-Doo Movies',2,'The Mystery of Haunted Island','9/8/73',44,'FALSE','Competition'),(43,16,'The New Scooby-Doo Movies',2,'The Haunted Showboat','9/15/73',43,'FALSE','Counterfeit'),(44,17,'The New Scooby-Doo Movies',2,'Mystery in Persia','9/22/73',43,'TRUE','Competition'),(45,1,'The New Scooby-Doo Movies',2,'The Spirited Spooked Sports Show','9/29/73',43,'FALSE','Competition'),(46,18,'The New Scooby-Doo Movies',2,'The Exterminator','10/6/73',44,'FALSE','Competition'),(47,19,'The New Scooby-Doo Movies',2,'The Weird Winds of Winona','10/13/73',44,'FALSE','Competition'),(48,1,'The New Scooby-Doo Movies',2,'The Haunted Candy Factory','10/20/73',43,'FALSE','Smuggling'),(49,9,'The New Scooby-Doo Movies',2,'The Haunted Carnival','10/27/73',43,'FALSE','Competition'),(50,1,'The Scooby-Doo Show',1,'High Rise Hair Raiser','9/11/76',24,'FALSE','Theft'),(51,20,'The Scooby-Doo Show',1,'The Fiesta Host is an Aztec Ghost','9/18/76',24,'FALSE','Treasure'),(52,21,'The Scooby-Doo Show',1,'The Gruesome Game of the Gator Ghoul','9/25/76',24,'FALSE','Competition'),(53,10,'The Scooby-Doo Show',1,'Whatta Shocking Ghost','10/2/76',24,'FALSE','Competition'),(54,9,'The Scooby-Doo Show',1,'The Headless Horseman of Halloween','10/9/76',24,'FALSE','Theft'),(55,6,'The Scooby-Doo Show',1,'Scared a Lot in Camelot','10/16/76',24,'FALSE','Theft'),(56,22,'The Scooby-Doo Show',1,'The Harum-Scarum Sanitarium','10/23/76',24,'FALSE','Smuggling'),(57,1,'The Scooby-Doo Show',1,'The No-Face Zombie Chase Case','10/30/76',24,'FALSE','Theft'),(58,7,'The Scooby-Doo Show',1,'Mamba Wamba and the Voodoo Hoodoo','11/6/76',24,'FALSE','Extortion'),(59,23,'The Scooby-Doo Show',1,'A Frightened Hound Meets Demons Underground','11/13/76',24,'FALSE','Theft'),(60,24,'The Scooby-Doo Show',1,'A Bum Steer for Scooby','11/20/76',24,'FALSE','Theft'),(61,1,'The Scooby-Doo Show',1,'There\'s a Demon Shark in the Foggy Dark','11/25/76',24,'FALSE','Smuggling'),(62,8,'The Scooby-Doo Show',1,'Scooby-Doo, Where\'s the Crew?','11/27/76',24,'FALSE','Treasure'),(63,1,'The Scooby-Doo Show',1,'The Ghost That Sacked the Quarterback','12/4/76',24,'FALSE','Competition'),(64,1,'The Scooby-Doo Show',1,'The Ghost of the Bad Humor Man','12/11/76',24,'FALSE','Theft'),(65,25,'The Scooby-Doo Show',1,'The Spirits of \'76','12/18/76',24,'FALSE','Counterfeit'),(66,6,'The Scooby-Doo Show',2,'The Curse of the Viking Lake','9/10/77',24,'FALSE','Natural Resource'),(67,26,'Laff-a-Lympics',1,'The Swiss Alps','9/10/77',12,NULL,NULL),(68,27,'Laff-a-Lympics',1,'Tokyo, Japan','9/10/77',12,NULL,NULL),(69,3,'The Scooby-Doo Show',2,'Vampire Bats and Scaredy Cats','9/17/77',24,'FALSE','Competition'),(70,28,'Laff-a-Lympics',1,'Acapulco','9/17/77',12,NULL,NULL),(71,29,'Laff-a-Lympics',1,'England','9/17/77',12,NULL,NULL),(72,30,'The Scooby-Doo Show',2,'Hang in There, Scooby-Doo','9/24/77',24,'FALSE','Theft'),(73,31,'Laff-a-Lympics',1,'Florida','9/24/77',12,NULL,NULL),(74,32,'Laff-a-Lympics',1,'China','9/24/77',12,NULL,NULL),(75,9,'The Scooby-Doo Show',2,'The Chiller Diller Movie Thriller','10/1/77',24,'FALSE','Competition'),(76,33,'Laff-a-Lympics',1,'The Sahara Desert','10/1/77',12,NULL,NULL),(77,34,'Laff-a-Lympics',1,'Scotland','10/1/77',12,'TRUE',NULL),(78,5,'The Scooby-Doo Show',2,'The Spooky Case of the Grand Prix Race','10/8/77',24,'FALSE','Theft'),(79,35,'Laff-a-Lympics',1,'France','10/8/77',11,NULL,NULL),(80,36,'Laff-a-Lympics',1,'Australia','10/8/77',11,NULL,NULL),(81,6,'The Scooby-Doo Show',2,'The Ozrk Witch','10/15/77',24,'FALSE','Smuggling'),(82,37,'Laff-a-Lympics',1,'Athens, Greece','10/15/77',12,NULL,NULL),(83,38,'Laff-a-Lympics',1,'The Ozarks','10/15/77',12,NULL,NULL),(84,8,'The Scooby-Doo Show',2,'Creepy Cruise','10/22/77',24,'FALSE','Theft'),(85,39,'Laff-a-Lympics',1,'Italy','10/22/77',12,NULL,NULL),(86,40,'Laff-a-Lympics',1,'Kitty Hawk, North Carolina','10/22/77',12,NULL,NULL),(87,2,'The Scooby-Doo Show',2,'The Creepy Heap from the Deep','10/29/77',24,'FALSE','Smuggling'),(88,41,'Laff-a-Lympics',1,'Egypt','10/29/77',12,NULL,NULL),(89,42,'Laff-a-Lympics',1,'Sherwood Forest','10/29/77',12,NULL,NULL),(90,43,'Laff-a-Lympics',1,'Spain','11/5/77',12,NULL,NULL),(91,44,'Laff-a-Lympics',1,'The Himalayas','11/5/77',12,'TRUE',NULL),(92,45,'Laff-a-Lympics',1,'India','11/12/77',12,NULL,NULL),(93,46,'Laff-a-Lympics',1,'Israel','11/12/77',12,NULL,NULL),(94,47,'Laff-a-Lympics',1,'Africa','11/19/77',12,NULL,NULL),(95,11,'Laff-a-Lympics',1,'San Francisco','11/19/77',12,NULL,NULL),(96,48,'Laff-a-Lympics',1,'The Grand Canyon','11/26/77',12,NULL,NULL),(97,49,'Laff-a-Lympics',1,'Ireland','11/26/77',12,'TRUE',NULL),(98,50,'Laff-a-Lympics',1,'Hawaii','12/3/77',12,'TRUE',NULL),(99,51,'Laff-a-Lympics',1,'Norway','12/3/77',12,NULL,NULL),(100,52,'Laff-a-Lympics',1,'North Pole','12/10/77',12,NULL,NULL),(101,53,'Laff-a-Lympics',1,'Tahiti','12/10/77',12,NULL,NULL),(102,48,'Laff-a-Lympics',1,'Arizona','12/17/77',12,NULL,NULL),(103,54,'Laff-a-Lympics',1,'Holland','12/17/77',12,NULL,NULL),(104,55,'Laff-a-Lympics',1,'Quebec','12/24/77',12,NULL,NULL),(105,56,'Laff-a-Lympics',1,'Baghdad','12/24/77',12,NULL,NULL),(106,57,'The Scooby-Doo Show',3,'Watch Out! The Willawa!','9/9/78',22,'FALSE','Smuggling'),(107,58,'Laff-a-Lympics',2,'Russia','9/9/78',12,NULL,NULL),(108,59,'Laff-a-Lympics',2,'Caribbean','9/9/78',12,'TRUE',NULL),(109,60,'The Scooby-Doo Show',3,'A Creepy Tangle in the Bermuda Triangle','9/16/78',23,'FALSE','Theft'),(110,61,'Laff-a-Lympics',2,'New York','9/16/78',12,NULL,NULL),(111,62,'Laff-a-Lympics',2,'Turkey','9/16/78',12,NULL,NULL),(112,52,'The Scooby-Doo Show',3,'A Scary Night with a Snow Beast Fright','9/23/78',23,'FALSE','Natural Resource'),(113,63,'Laff-a-Lympics',2,'South America','9/23/78',12,'TRUE',NULL),(114,64,'Laff-a-Lympics',2,'Transylvania','9/23/78',12,'TRUE',NULL),(115,15,'The Scooby-Doo Show',3,'To Switch a Witch','9/30/78',23,'FALSE','Inheritance'),(116,35,'Laff-a-Lympics',2,'French Riviera','9/30/78',12,NULL,NULL),(117,65,'Laff-a-Lympics',2,'New Zealand','9/30/78',12,NULL,NULL),(118,66,'The Scooby-Doo Show',3,'The Tar Monster','10/7/78',22,'FALSE','Treasure'),(119,67,'Laff-a-Lympics',2,'New Orleans','10/7/78',12,NULL,NULL),(120,68,'Laff-a-Lympics',2,'Atlantis','10/7/78',12,'TRUE',NULL),(121,34,'The Scooby-Doo Show',3,'A Highland Fling with a Monstrous Thing','10/14/78',23,'FALSE','Smuggling'),(122,69,'Laff-a-Lympics',2,'Morocco','10/14/78',12,NULL,NULL),(123,25,'Laff-a-Lympics',2,'Washington D.C.','10/14/78',12,NULL,NULL),(124,3,'The Scooby-Doo Show',3,'The Creepy Case of Old Iron Face','10/21/78',23,'FALSE','Smuggling'),(125,22,'Laff-a-Lympics',2,'Canada','10/21/78',12,NULL,NULL),(126,70,'Laff-a-Lympics',2,'Warsaw, Poland','10/21/78',12,NULL,NULL),(127,63,'The Scooby-Doo Show',3,'Jeepers, It\'s the Jaguaro!','10/28/78',22,'FALSE','Natural Resource'),(128,71,'Laff-a-Lympics',2,'Siam','10/28/78',12,NULL,NULL),(129,72,'Laff-a-Lympics',2,'The Moon','10/28/78',12,NULL,NULL),(130,61,'The Scooby-Doo Show',3,'Make a Beeline Away from that Feline','11/4/78',23,'FALSE','Theft'),(131,9,'The Scooby-Doo Show',3,'The Creepy Creature of Vulture\'s Claw','11/11/78',23,'FALSE','Natural Resource'),(132,1,'The Scooby-Doo Show',3,'The Diabolical Disc Demon','11/18/78',23,'FALSE','Smuggling'),(133,73,'The Scooby-Doo Show',3,'Scooby\'s Chinese Fortune Kooky Caper','11/25/78',23,'FALSE','Theft'),(134,39,'The Scooby-Doo Show',3,'A Menace in Venice','12/2/78',23,'FALSE','Treasure'),(135,74,'The Scooby-Doo Show',3,'Don\'t Go Near the Fortress of Fear','12/9/78',23,'FALSE','Treasure'),(136,42,'The Scooby-Doo Show',3,'The Warlock of Wimbledon','12/16/78',23,'FALSE','Competition'),(137,22,'The Scooby-Doo Show',3,'The Beast is Awake in Bottomless Lake','12/23/78',23,'FALSE','Smuggling'),(138,1,'Scooby-Doo and Scrappy-Doo (first series)',1,'The Scarab Lives!','9/22/79',21,'FALSE','Competition'),(139,1,'Scooby-Doo and Scrappy-Doo (first series)',1,'The Night Ghoul of Wonderworld','9/29/79',21,'FALSE','Theft'),(140,6,'Scooby-Doo and Scrappy-Doo (first series)',1,'Strange Encounters of a Scooby Kind','10/6/79',21,'FALSE','Smuggling'),(141,11,'Scooby-Doo and Scrappy-Doo (first series)',1,'The Neon Phantom of the Roller Disco!','10/13/79',21,'FALSE','Competition'),(142,75,'Scooby-Doo and Scrappy-Doo (first series)',1,'Shiver and Shake, That Demon\'s a Snake','10/20/79',21,'FALSE','Smuggling'),(143,9,'Scooby-Doo and Scrappy-Doo (first series)',1,'The Scary Sky Skeleton','10/27/79',21,'FALSE','Natural Resource'),(144,27,'Scooby-Doo and Scrappy-Doo (first series)',1,'The Demon of the Dugout','11/3/79',21,'FALSE','Theft'),(145,48,'Scooby-Doo and Scrappy-Doo (first series)',1,'The Hairy Scare of the Devil Bear','11/10/79',21,'FALSE','Treasure'),(146,28,'Scooby-Doo and Scrappy-Doo (first series)',1,'Twenty Thousand Screams Under the Sea','11/17/79',21,'FALSE','Treasure'),(147,11,'Scooby-Doo and Scrappy-Doo (first series)',1,'I Left My Neck in San Francisco','11/24/79',21,'FALSE','Theft'),(148,9,'Scooby-Doo and Scrappy-Doo (first series)',1,'When You Wish Upon a Star Creature','12/1/79',21,'FALSE','Theft'),(149,1,'Scooby-Doo and Scrappy-Doo (first series)',1,'The Ghoul, the Bat and the Ugly','12/8/79',21,'FALSE','Theft'),(150,10,'Scooby-Doo and Scrappy-Doo (first series)',1,'Rocky Mountain Yiiiii!','12/15/79',21,'FALSE','Treasure'),(151,76,'Scooby-Doo and Scrappy-Doo (first series)',1,'The Sorcerer\'s a Menace','12/22/79',21,'FALSE','Theft'),(152,37,'Scooby-Doo and Scrappy-Doo (first series)',1,'Lock the Door, It\'s a Minotaur!','12/29/79',21,'FALSE','Treasure'),(153,61,'Scooby-Doo and Scrappy-Doo (first series)',1,'The Ransom of Scooby Chief','1/5/80',21,NULL,'Extortion'),(154,77,'Scooby-Doo and Scrappy-Doo (second series)',1,'A Close Encounter with a Strange Kind','11/8/80',8,'TRUE','Experimentation'),(155,9,'Scooby-Doo and Scrappy-Doo (second series)',1,'A Fit Night Out for Bats','11/8/80',8,'TRUE','Food'),(156,11,'Scooby-Doo and Scrappy-Doo (second series)',1,'The Chinese Food Factory','11/8/80',8,'FALSE','Theft'),(157,78,'Scooby-Doo and Scrappy-Doo (second series)',1,'Scooby\'s Desert Dilemma','11/15/80',8,'TRUE','Experimentation'),(158,79,'Scooby-Doo and Scrappy-Doo (second series)',1,'The Old Cat and Mouse Game','11/15/80',8,'TRUE','Food'),(159,8,'Scooby-Doo and Scrappy-Doo (second series)',1,'Stow-Aways','11/15/80',8,NULL,'Trespassing'),(160,41,'Scooby-Doo and Scrappy-Doo (second series)',1,'Mummy\'s the Word','11/22/80',8,'TRUE','Trespassing'),(161,2,'Scooby-Doo and Scrappy-Doo (second series)',1,'Hang in There, Scooby','11/22/80',8,NULL,NULL),(162,1,'Scooby-Doo and Scrappy-Doo (second series)',1,'Stuntman Scooby','11/22/80',8,NULL,NULL),(163,9,'Scooby-Doo and Scrappy-Doo (second series)',1,'Scooby\'s Three Ding-a-Ling Circus','11/29/80',8,NULL,'Competition'),(164,3,'Scooby-Doo and Scrappy-Doo (second series)',1,'Scooby\'s Fantastic Island','11/29/80',8,'TRUE','Assistance'),(165,8,'Scooby-Doo and Scrappy-Doo (second series)',1,'Long John Scrappy','11/29/80',8,'TRUE','Abduction'),(166,20,'Scooby-Doo and Scrappy-Doo (second series)',1,'Scooby\'s Bull Fright','12/6/80',8,NULL,NULL),(167,5,'Scooby-Doo and Scrappy-Doo (second series)',1,'Scooby Ghosts West','12/6/80',8,NULL,'Haunt'),(168,47,'Scooby-Doo and Scrappy-Doo (second series)',1,'A Bungle in the Jungle','12/6/80',8,NULL,'Trespassing'),(169,1,'Scooby-Doo and Scrappy-Doo (second series)',1,'Scooby\'s Fun Zone','12/13/80',8,NULL,'Anger'),(170,7,'Scooby-Doo and Scrappy-Doo (second series)',1,'Swamp Witch','12/13/80',8,'TRUE','Food'),(171,34,'Scooby-Doo and Scrappy-Doo (second series)',1,'Sir Scooby and the Black Knight','12/13/80',8,'TRUE','Trespassing'),(172,29,'Scooby-Doo and Scrappy-Doo (second series)',1,'Waxworld','12/20/80',8,'TRUE','Abduction'),(173,9,'Scooby-Doo and Scrappy-Doo (second series)',1,'Scooby in Wonderland','12/20/80',8,'FALSE','Imagination'),(174,9,'Scooby-Doo and Scrappy-Doo (second series)',1,'Scrappy\'s Birthday','12/20/80',8,NULL,'Anger'),(175,12,'Scooby-Doo and Scrappy-Doo (second series)',1,'South Seas Scare','12/27/80',8,'TRUE','Trespassing'),(176,80,'Scooby-Doo and Scrappy-Doo (second series)',1,'Scooby\'s Swiss Miss','12/27/80',8,NULL,'Competition'),(177,81,'Scooby-Doo and Scrappy-Doo (second series)',1,'Alaskan King Coward','12/27/80',8,'TRUE','Food'),(178,39,'Scooby-Doo and Scrappy-Doo (second series)',1,'Et Tu, Scoob?','1/3/81',8,'TRUE','Competition'),(179,7,'Scooby-Doo and Scrappy-Doo (second series)',1,'Soggy Bog Scooby','1/3/81',8,'TRUE','Food'),(180,67,'Scooby-Doo and Scrappy-Doo (second series)',1,'Scooby Gumbo','1/3/81',8,NULL,'Trespassing'),(181,82,'Scooby-Doo and Scrappy-Doo (second series)',1,'Way Out Scooby','1/10/81',8,NULL,NULL),(182,2,'Scooby-Doo and Scrappy-Doo (second series)',1,'Strongman Scooby','1/10/81',8,NULL,'Bully'),(183,83,'Scooby-Doo and Scrappy-Doo (second series)',1,'Moonlight Madness','1/10/81',8,'TRUE','Loneliness'),(184,9,'Scooby-Doo and Scrappy-Doo (second series)',1,'Dog Tag Scooby','1/17/81',8,NULL,'Training'),(185,84,'Scooby-Doo and Scrappy-Doo (second series)',1,'Scooby at the Center of the World','1/17/81',8,'TRUE','Trespassing'),(186,9,'Scooby-Doo and Scrappy-Doo (second series)',1,'Scooby\'s Trip to Ahz','1/17/81',8,'FALSE','Imagination'),(187,85,'Scooby-Doo and Scrappy-Doo (second series)',1,'A Fright at the Opera','1/24/81',8,'TRUE','Trespassing'),(188,9,'Scooby-Doo and Scrappy-Doo (second series)',1,'Robot Ranch','1/24/81',8,'TRUE','Abduction'),(189,11,'Scooby-Doo and Scrappy-Doo (second series)',1,'Surprised Spies','1/24/81',8,'TRUE','Theft'),(190,1,'Scooby-Doo and Scrappy-Doo (second series)',1,'The Invasion of the Scooby Snatchers','1/31/81',8,'TRUE','Conquer'),(191,45,'Scooby-Doo and Scrappy-Doo (second series)',1,'Scooby Dooby Guru','1/31/81',8,NULL,'Trespassing'),(192,5,'Scooby-Doo and Scrappy-Doo (second series)',1,'Scooby and the Bandit','1/31/81',8,NULL,'Anger'),(193,1,'Scooby-Doo and Scrappy-Doo (second series)',2,'Scooby-Nocchio','9/19/81',8,'FALSE','Imagination'),(194,3,'Scooby-Doo and Scrappy-Doo (second series)',2,'Lighthouse Keeper Scooby','9/19/81',8,'TRUE','Trespassing'),(195,6,'Scooby-Doo and Scrappy-Doo (second series)',2,'Scooby\'s Roots','9/19/81',8,'TRUE','Mistake'),(196,68,'Scooby-Doo and Scrappy-Doo (second series)',2,'Scooby\'s Escape from Atlantis','9/26/81',8,'TRUE','Trespassing'),(197,86,'Scooby-Doo and Scrappy-Doo (second series)',2,'Excalibur Scooby','9/26/81',8,'TRUE','Assistance'),(198,77,'Scooby-Doo and Scrappy-Doo (second series)',2,'Scooby Saves the World','9/26/81',8,'TRUE','Conquer'),(199,1,'Scooby-Doo and Scrappy-Doo (second series)',2,'Scooby-Dooby Goo','10/3/81',8,NULL,NULL),(200,87,'Scooby-Doo and Scrappy-Doo (second series)',2,'Rickshaw Scooby','10/3/81',8,'TRUE','Trespassing'),(201,88,'Scooby-Doo and Scrappy-Doo (second series)',2,'Scooby\'s Luck of the Irish','10/3/81',8,'TRUE','Trespassing'),(202,1,'Scooby-Doo and Scrappy-Doo (second series)',2,'Backstage Scooby','10/10/81',8,NULL,NULL),(203,1,'Scooby-Doo and Scrappy-Doo (second series)',2,'Scooby\'s House of Mystery','10/10/81',8,'TRUE','Experimentation'),(204,1,'Scooby-Doo and Scrappy-Doo (second series)',2,'Sweet Dreams Scooby','10/10/81',8,'FALSE','Imagination'),(205,29,'Scooby-Doo and Scrappy-Doo (second series)',2,'Scooby-Doo 2000','10/17/81',8,'TRUE','Automated'),(206,1,'Scooby-Doo and Scrappy-Doo (second series)',2,'Punk Rock Scooby','10/17/81',8,'TRUE','Abduction'),(207,1,'Scooby-Doo and Scrappy-Doo (second series)',2,'Canine to Five','10/17/81',8,'TRUE','Food'),(208,1,'Scooby-Doo and Scrappy-Doo (second series)',2,'Hard Hat Scooby','10/24/81',8,'TRUE','Food'),(209,1,'Scooby-Doo and Scrappy-Doo (second series)',2,'Hothouse Scooby','10/24/81',8,'TRUE','Food'),(210,1,'Scooby-Doo and Scrappy-Doo (second series)',2,'Pigskin Scooby','10/24/81',8,NULL,NULL),(211,9,'Scooby-Doo and Scrappy-Doo (second series)',2,'Sopwith Scooby','10/31/81',8,NULL,'Competition'),(212,6,'Scooby-Doo and Scrappy-Doo (second series)',2,'Tenderbigfoot','10/31/81',8,'TRUE','Theft'),(213,9,'Scooby-Doo and Scrappy-Doo (second series)',2,'Scooby and the Beanstalk','10/31/81',8,'TRUE','Food'),(214,1,'Scooby-Doo and Scrappy-Doo (second series)',3,'Maltese Mackerel','9/25/82',8,NULL,'Theft'),(215,1,'Scooby-Doo and Scrappy-Doo (second series)',3,'Dumb Waiter Caper','9/25/82',8,NULL,'Theft'),(216,8,'Scooby-Doo and Scrappy-Doo (second series)',3,'Catfish Burglar Caper','10/2/82',8,'FALSE','Theft'),(217,11,'Scooby-Doo and Scrappy-Doo (second series)',3,'Movie Monster Menace','10/2/82',8,'TRUE','Production'),(218,1,'Scooby-Doo and Scrappy-Doo (second series)',3,'Super Teen Shaggy','10/9/82',8,NULL,NULL),(219,1,'Scooby-Doo and Scrappy-Doo (second series)',3,'Basketball Bumblers','10/9/82',8,NULL,'Competition'),(220,1,'Scooby-Doo and Scrappy-Doo (second series)',3,'Beauty Constest Caper','10/16/82',8,NULL,'Competition'),(221,1,'Scooby-Doo and Scrappy-Doo (second series)',3,'Stake-out at the Take-out','10/16/82',8,NULL,'Smuggling'),(222,1,'Scooby-Doo and Scrappy-Doo (second series)',3,'Who\'s Scooby-Doo?','10/23/82',8,NULL,'Theft'),(223,1,'Scooby-Doo and Scrappy-Doo (second series)',3,'Double Trouble Date','10/23/82',8,NULL,NULL),(224,1,'Scooby-Doo and Scrappy-Doo (second series)',3,'Cable Car Caper','10/30/82',8,NULL,'Theft'),(225,2,'Scooby-Doo and Scrappy-Doo (second series)',3,'Muscle Trouble','10/30/82',8,NULL,NULL),(226,1,'Scooby-Doo and Scrappy-Doo (second series)',3,'Comic Book Caper','11/6/82',8,'FALSE','Theft'),(227,1,'Scooby-Doo and Scrappy-Doo (second series)',3,'Misfortune Teller','11/6/82',8,NULL,NULL),(228,6,'Scooby-Doo and Scrappy-Doo (second series)',3,'A Gem of a Case','11/13/82',8,NULL,'Theft'),(229,6,'Scooby-Doo and Scrappy-Doo (second series)',3,'From Bad to Curse','11/13/82',8,NULL,'Competition'),(230,1,'Scooby-Doo and Scrappy-Doo (second series)',3,'Disappearing Car Caper','11/20/82',8,NULL,'Theft'),(231,1,'Scooby-Doo and Scrappy-Doo (second series)',3,'Scooby-Doo and Genie-Poo','11/20/82',8,'TRUE','Abduction'),(232,1,'Scooby-Doo and Scrappy-Doo (second series)',3,'Close Encounter of the Worst Kind','11/27/82',8,'TRUE','Abduction'),(233,1,'Scooby-Doo and Scrappy-Doo (second series)',3,'Captain Canine Caper','11/27/82',8,'FALSE','Extortion'),(234,1,'Scooby-Doo and Scrappy-Doo (second series)',3,'The Incredible Cat Lady Caper','12/4/82',8,'FALSE','Theft'),(235,6,'Scooby-Doo and Scrappy-Doo (second series)',3,'Picnic Poopers','12/4/82',8,NULL,NULL),(236,89,'Scooby-Doo and Scrappy-Doo (second series)',3,'One Million Years Before Lunch','12/11/82',8,'TRUE','Abduction'),(237,1,'Scooby-Doo and Scrappy-Doo (second series)',3,'Where\'s the Wolf','12/11/82',8,'TRUE','Food'),(238,9,'Scooby-Doo and Scrappy-Doo (second series)',3,'Hoedown Showdown','12/19/82',8,NULL,NULL),(239,10,'Scooby-Doo and Scrappy-Doo (second series)',3,'Snow Job Too Small','12/19/82',8,'FALSE','Inheritance'),(240,90,'The New Scooby and Scrappy Doo Show',1,'Scooby the Barbarian','9/10/83',11,'FALSE','Theft'),(241,91,'The New Scooby and Scrappy Doo Show',1,'No Sharking Zone','9/10/83',11,'FALSE','Treasure'),(242,9,'The New Scooby and Scrappy Doo Show',1,'Scoobygeist','9/10/83',11,'TRUE','Trespassing'),(243,5,'The New Scooby and Scrappy Doo Show',1,'The Quagmire Quake Caper','9/10/83',11,'FALSE','Theft'),(244,34,'The New Scooby and Scrappy Doo Show',1,'Hound of the Scoobyvilles','9/17/83',11,'FALSE','Inheritance'),(245,92,'The New Scooby and Scrappy Doo Show',1,'The Dinosaur Deception','9/17/83',11,'FALSE','Treasure'),(246,1,'The New Scooby and Scrappy Doo Show',1,'The Creature Came from The Chemlab','9/17/83',11,'FALSE','Theft'),(247,6,'The New Scooby and Scrappy Doo Show',1,'No Thanks, Masked Manx','9/17/83',11,'FALSE','Theft'),(248,47,'The New Scooby and Scrappy Doo Show',1,'Scooby of the Jungle','9/24/83',11,'FALSE','Smuggling'),(249,91,'The New Scooby and Scrappy Doo Show',1,'Scooby-Doo and Cyclops, Too','9/24/83',11,'FALSE','Natural Resource'),(250,36,'The New Scooby and Scrappy Doo Show',1,'Scooby Roo','10/1/83',11,'FALSE','Natural Resource'),(251,1,'The New Scooby and Scrappy Doo Show',1,'Scooby\'s Gold Medal Gambit','10/1/83',11,NULL,'Theft'),(252,9,'The New Scooby and Scrappy Doo Show',1,'Wizards and Warlocks','10/8/83',11,'TRUE','Competition'),(253,1,'The New Scooby and Scrappy Doo Show',1,'Scoobsie','10/8/83',11,'FALSE','Competition'),(254,93,'The New Scooby and Scrappy Doo Show',1,'The Mark of Scooby','10/15/83',11,NULL,'Imagination'),(255,9,'The New Scooby and Scrappy Doo Show',1,'The Crazy Carnival Caper','10/15/83',11,'FALSE','Theft'),(256,37,'The New Scooby and Scrappy Doo Show',1,'Scooby and the Minotaur','10/29/83',11,'FALSE','Treasure'),(257,1,'The New Scooby and Scrappy Doo Show',1,'Scooby Pinch Hits','10/29/83',11,'FALSE','Competition'),(258,94,'The New Scooby and Scrappy Doo Show',1,'The Fall Dog','11/5/83',11,'FALSE','Competition'),(259,1,'The New Scooby and Scrappy Doo Show',1,'The Scooby Coupe','11/5/83',11,'FALSE','Competition'),(260,95,'The New Scooby and Scrappy Doo Show',1,'Who\'s Minding the Monster','11/26/83',11,'TRUE','Experimentation'),(261,85,'The New Scooby and Scrappy Doo Show',1,'Scooby ala Mode','11/26/83',11,'FALSE','Competition'),(262,83,'The New Scooby and Scrappy Doo Show',1,'Where\'s Scooby-Doo?','12/3/83',23,'FALSE','Smuggling'),(263,15,'The New Scooby and Scrappy Doo Show',1,'Wedding Bell Boos!','12/10/83',23,'FALSE','Treasure'),(264,1,'The New Scooby-Doo Mysteries',1,'Happy Birthday, Scooby-Doo','9/8/84',23,'FALSE','Theft'),(265,1,'The New Scooby-Doo Mysteries',1,'Scooby\'s Peep-Hole Pandemonium','9/15/84',11,'FALSE','Theft'),(266,6,'The New Scooby-Doo Mysteries',1,'The Hand of Horror','9/15/84',11,'FALSE','Theft'),(267,96,'The New Scooby-Doo Mysteries',1,'Scoo-Be or Not Scoo-Be?','9/22/84',11,'FALSE','Natural Resource'),(268,97,'The New Scooby-Doo Mysteries',1,'The Stoney Glare Stare','9/22/84',11,'FALSE','Treasure'),(269,61,'The New Scooby-Doo Mysteries',1,'Mission: Un-Doo-Able','9/29/84',11,'FALSE','Conquer'),(270,9,'The New Scooby-Doo Mysteries',1,'The Bee Team','9/29/84',11,'FALSE','Competition'),(271,10,'The New Scooby-Doo Mysteries',1,'Doom Service','10/6/84',11,'FALSE','Theft'),(272,1,'The New Scooby-Doo Mysteries',1,'A Code in the Nose','10/6/84',11,NULL,'Theft'),(273,91,'The New Scooby-Doo Mysteries',1,'Ghost of the Ancient Astronauts','10/13/84',23,'FALSE','Treasure'),(274,6,'The New Scooby-Doo Mysteries',1,'The Night of Living Toys','10/20/84',11,'FALSE','Treasure'),(275,98,'The New Scooby-Doo Mysteries',1,'South Pole Vault','10/20/84',11,'FALSE','Competition'),(276,5,'The New Scooby-Doo Mysteries',1,'A Halloween Hassle at Dracula\'s Castle','10/27/84',23,'FALSE','Theft'),(277,25,'The New Scooby-Doo Mysteries',1,'A Night Louse at the White House','11/3/84',23,'FALSE','Theft'),(278,7,'The New Scooby-Doo Mysteries',1,'Showboat Scooby','11/10/84',11,'FALSE','Treasure'),(279,99,'The New Scooby-Doo Mysteries',1,'The \'Dooby Dooby Doo\' Ado','11/10/84',11,NULL,'Smuggling'),(280,29,'The New Scooby-Doo Mysteries',1,'Sherlock Doo','11/17/84',23,'FALSE','Theft'),(281,11,'The New Scooby-Doo Mysteries',1,'A Scarey Duel with a Cartoon Ghoul','11/24/84',11,'FALSE','Theft'),(282,9,'The New Scooby-Doo Mysteries',1,'E*I*E*I*O','11/24/84',11,'FALSE','Competition'),(283,10,'The New Scooby-Doo Mysteries',1,'The Nutcracker Scoob','12/1/84',23,'FALSE','Treasure'),(284,100,'The 13 Ghosts of Scooby-Doo',1,'To All the Ghouls I\'ve Loved Before','9/7/85',24,'TRUE','Assistance'),(285,6,'The 13 Ghosts of Scooby-Doo',1,'Scoobra Kadoobra','9/14/85',24,'TRUE','Conquer'),(286,9,'The 13 Ghosts of Scooby-Doo',1,'Me and My Shadow Demon','9/21/85',24,'TRUE','Conquer'),(287,69,'The 13 Ghosts of Scooby-Doo',1,'Reflections in the Ghoulish Eye','9/28/85',24,'TRUE','Conquer'),(288,1,'The 13 Ghosts of Scooby-Doo',1,'That\'s Monstertainment','10/5/85',24,'TRUE','Conquer'),(289,101,'The 13 Ghosts of Scooby-Doo',1,'Ship of Ghouls','10/12/85',24,'TRUE','Conquer'),(290,67,'The 13 Ghosts of Scooby-Doo',1,'A Spooky Little Ghoul Like You','10/19/85',24,'TRUE','Conquer'),(291,6,'The 13 Ghosts of Scooby-Doo',1,'When You Witch Upon a Star','10/26/85',24,'TRUE','Conquer'),(292,1,'The 13 Ghosts of Scooby-Doo',1,'It\'s a Wonderful Scoob','11/2/85',24,'TRUE','Conquer'),(293,1,'The 13 Ghosts of Scooby-Doo',1,'Scooby in Kwacky Land','11/9/85',24,'TRUE','Conquer'),(294,9,'The 13 Ghosts of Scooby-Doo',1,'Coast-to-Ghost','11/16/85',24,'TRUE','Conquer'),(295,9,'The 13 Ghosts of Scooby-Doo',1,'The Ghouliest Show on Earth','11/23/85',24,'TRUE','Conquer'),(296,1,'The 13 Ghosts of Scooby-Doo',1,'Horror-Scope Scoob','12/7/85',24,'TRUE','Conquer'),(297,1,'A Pup Named Scooby-Doo',1,'A Bicycle Built for Boo','9/10/88',23,'FALSE','Counterfeit'),(298,1,'A Pup Named Scooby-Doo',1,'The Sludge Monster from the Earth\'s Core','9/17/88',23,'FALSE','Theft'),(299,1,'A Pup Named Scooby-Doo',1,'The Schnoock Who Took My Comic Book','9/24/88',23,'FALSE','Theft'),(300,1,'A Pup Named Scooby-Doo',1,'Wanted Cheddar Alive','10/1/88',23,'FALSE','Competition'),(301,1,'A Pup Named Scooby-Doo',1,'For Letter or Worse','10/8/88',23,'FALSE','Competition'),(302,1,'A Pup Named Scooby-Doo',1,'The Babysitter from Beyond','10/15/88',23,'FALSE','Theft'),(303,30,'A Pup Named Scooby-Doo',1,'Snow Place Like Home','10/22/88',23,'FALSE','Natural Resource'),(304,1,'A Pup Named Scooby-Doo',1,'Now Museum, Now You Don\'t ','10/29/88',23,'FALSE','Theft'),(305,2,'A Pup Named Scooby-Doo',1,'Scooby Dude','11/5/88',23,'FALSE','Smuggling'),(306,1,'A Pup Named Scooby-Doo',1,'Ghost Who\'s Coming to Dinner','11/12/88',23,'FALSE','Competition'),(307,6,'A Pup Named Scooby-Doo',1,'The Story Stick','11/19/88',23,'FALSE','Competition'),(308,1,'A Pup Named Scooby-Doo',1,'Robopup','11/26/88',23,'FALSE','Theft'),(309,1,'A Pup Named Scooby-Doo',1,'Lights...Camera...Monster','12/3/88',23,'FALSE','Theft'),(310,1,'A Pup Named Scooby-Doo',2,'Curse of the Collar','9/9/89',23,'FALSE','Theft'),(311,1,'A Pup Named Scooby-Doo',2,'The Return of Commander Cool','9/16/89',23,'FALSE','Theft'),(312,1,'A Pup Named Scooby-Doo',2,'The Spirit of Rock\'n Roll','9/23/89',23,'FALSE','Theft'),(313,1,'A Pup Named Scooby-Doo',2,'Chickenstein Lives','9/30/89',23,'FALSE','Smuggling'),(314,1,'A Pup Named Scooby-Doo',2,'Night of the Living Burger','10/7/89',23,'FALSE','Competition'),(315,1,'A Pup Named Scooby-Doo',2,'The Computer Walks Among Us','10/14/89',23,'FALSE','Competition'),(316,1,'A Pup Named Scooby-Doo',2,'Don Gone Scooby','10/21/89',23,NULL,'Assistance'),(317,1,'A Pup Named Scooby-Doo',2,'Terror, Thy Name is Zombo','10/28/89',23,'FALSE','Competition'),(318,1,'A Pup Named Scooby-Doo',3,'Night of the Boogey Biker','9/8/90',11,'FALSE','Assistance'),(319,1,'A Pup Named Scooby-Doo',3,'Dawn of the Spooky Shuttle Scare','9/8/90',11,'FALSE','Competition'),(320,1,'A Pup Named Scooby-Doo',3,'Horror of the Haunted Hairpiece','10/6/90',23,'FALSE','Competition'),(321,1,'A Pup Named Scooby-Doo',3,'Wrestle Maniacs','11/3/90',23,'FALSE','Competition'),(322,1,'A Pup Named Scooby-Doo',4,'The Were-Doo of Doo Manor','8/3/91',23,'FALSE','Treasure'),(323,1,'A Pup Named Scooby-Doo',4,'Catcher on the Sly','8/10/91',4,NULL,'Abduction'),(324,1,'A Pup Named Scooby-Doo',4,'The Ghost of Mrs. Shusham','8/10/91',11,'FALSE','Theft'),(325,1,'A Pup Named Scooby-Doo',4,'The Wrath of Waitro','8/10/91',8,NULL,NULL),(326,61,'A Pup Named Scooby-Doo',4,'Mayhem of the Moving Mollusk','8/17/91',23,'FALSE','Competition'),(327,10,'What\'s New Scooby-Doo?',1,'There\'s No Creature Like Snow Creature','9/14/02',21,'FALSE','Competition'),(328,102,'What\'s New Scooby-Doo?',1,'3-D Struction','9/21/02',21,'FALSE','Natural Resource'),(329,1,'What\'s New Scooby-Doo?',1,'Space Ape and the Cape','9/28/02',21,'FALSE','Competition'),(330,67,'What\'s New Scooby-Doo?',1,'Big Scare in the Big Easy','10/5/02',21,'FALSE','Competition'),(331,1,'What\'s New Scooby-Doo?',1,'It\'s Mean, It\'s Green, It\'s the Mystery Machine','10/26/02',21,'FALSE','Competition'),(332,99,'What\'s New Scooby-Doo?',1,'Riva Ras Regas','11/2/02',21,'FALSE','Competition'),(333,1,'What\'s New Scooby-Doo?',1,'Roller Ghoster Ride','11/9/02',21,'FALSE','Competition'),(334,103,'What\'s New Scooby-Doo?',1,'Safari, So Goodie!','11/23/02',21,'FALSE','Smuggling'),(335,3,'What\'s New Scooby-Doo?',1,'She Sees Sea Monsters by the Sea Shore','11/30/02',21,'FALSE','Preservation'),(336,10,'What\'s New Scooby-Doo?',1,'A Scooby-Doo! Christmas','12/13/02',21,'FALSE','Treasure'),(337,1,'What\'s New Scooby-Doo?',1,'Toy Scary Boo','2/1/03',21,'FALSE','Treasure'),(338,11,'What\'s New Scooby-Doo?',1,'Lights! Camera! Mayhem!','2/15/03',21,'FALSE','Competition'),(339,104,'What\'s New Scooby-Doo?',1,'Pompii and Circumstance','2/22/03',21,'FALSE','Competition'),(340,1,'What\'s New Scooby-Doo?',1,'The Unnatural','3/22/03',21,'FALSE','Competition'),(341,27,'What\'s New Scooby-Doo?',2,'Big Appetite in Little Tokyo','9/13/03',21,'FALSE','Competition'),(342,41,'What\'s New Scooby-Doo?',2,'Mummy Scares Best','9/20/03',21,'FALSE','Competition'),(343,105,'What\'s New Scooby-Doo?',2,'The Fast and the Wormious','9/27/03',21,'FALSE','Competition'),(344,9,'What\'s New Scooby-Doo?',2,'High-Tech House of Horrors','10/4/03',21,'TRUE','Competition'),(345,64,'What\'s New Scooby-Doo?',2,'The Vampire Strikes Back','10/18/03',21,'FALSE','Competition'),(346,9,'What\'s New Scooby-Doo?',2,'A Scooby-Doo Halloween','10/25/03',21,'FALSE','Competition'),(347,1,'What\'s New Scooby-Doo?',2,'Homeward Hound','10/25/03',21,'FALSE','Competition'),(348,11,'What\'s New Scooby-Doo?',2,'The San Franpsycho','3/20/04',21,'FALSE','Competition'),(349,52,'What\'s New Scooby-Doo?',2,'Simple Plan and the Invisible Madman','3/22/04',21,'FALSE','Competition'),(350,106,'What\'s New Scooby-Doo?',2,'Recipe for Disaster','3/23/04',21,'FALSE','Competition'),(351,34,'What\'s New Scooby-Doo?',2,'Large Dragon at Large','3/24/04',21,'FALSE','Treasure'),(352,98,'What\'s New Scooby-Doo?',2,'Uncle Scooby and Antarctica','3/25/04',21,'FALSE','Preservation'),(353,107,'What\'s New Scooby-Doo?',2,'New Mexico, Old Monster','3/26/04',21,'FALSE','Preservation'),(354,37,'What\'s New Scooby-Doo?',2,'It\'s All Greek to Scooby','3/27/04',21,'FALSE','Treasure'),(355,108,'What\'s New Scooby-Doo?',3,'Fright House of a Lighthouse','1/29/05',21,'FALSE','Competition'),(356,48,'What\'s New Scooby-Doo?',3,'Go West, Young Scoob','2/5/05',21,'FALSE','Competition'),(357,1,'What\'s New Scooby-Doo?',3,'A Scooby-Doo Valentine','2/11/05',21,'FALSE','Competition'),(358,5,'What\'s New Scooby-Doo?',3,'Wrestle Maniacs','2/12/05',21,'FALSE','Competition'),(359,85,'What\'s New Scooby-Doo?',3,'Ready to Scare','2/19/05',21,'FALSE','Competition'),(360,9,'What\'s New Scooby-Doo?',3,'Farmed & Dangerous','2/25/05',21,'FALSE','Competition'),(361,109,'What\'s New Scooby-Doo?',3,'Diamonds Are a Ghoul\'s Best Friend','3/3/05',21,'FALSE','Theft'),(362,9,'What\'s New Scooby-Doo?',3,'A Terrifying Round with a Menacing Metallic Clown','3/12/05',21,'FALSE','Competition'),(363,6,'What\'s New Scooby-Doo?',3,'Camp Comeoniwannascareya','3/19/05',21,'FALSE','Preservation'),(364,32,'What\'s New Scooby-Doo?',3,'Block-Long Hong Kong Terror','3/26/05',21,'FALSE','Competition'),(365,1,'What\'s New Scooby-Doo?',3,'Gentlemen, Start Your Monsters!','4/2/05',21,'FALSE','Competition'),(366,110,'What\'s New Scooby-Doo?',3,'Gold Paw','4/9/05',21,'FALSE','Competition'),(367,111,'What\'s New Scooby-Doo?',3,'Reef Grief!','4/19/05',21,'TRUE','Competition'),(368,11,'What\'s New Scooby-Doo?',3,'E-Scream','7/21/06',21,'FALSE','Simulation'),(369,1,'Shaggy & Scooby-Doo Get a Clue!',1,'Shags to Riches','9/23/06',23,'TRUE','Theft'),(370,80,'Shaggy & Scooby-Doo Get a Clue!',1,'More Fondue for Scooby-Doo','9/30/06',22,'TRUE','Conquer'),(371,1,'Shaggy & Scooby-Doo Get a Clue!',1,'High Society Scooby','10/7/06',23,'TRUE','Conquer'),(372,1,'Shaggy & Scooby-Doo Get a Clue!',1,'Party Arty','11/4/06',23,'TRUE','Abduction'),(373,1,'Shaggy & Scooby-Doo Get a Clue!',1,'Smart House','11/11/06',23,'TRUE','Conquer'),(374,77,'Shaggy & Scooby-Doo Get a Clue!',1,'Lightning Strikes Twice','11/18/06',22,'TRUE','Conquer'),(375,112,'Shaggy & Scooby-Doo Get a Clue!',1,'Don\'t Feed the Animals','2/2/07',23,'TRUE','Treasure'),(376,6,'Shaggy & Scooby-Doo Get a Clue!',1,'Mysterty of the Missing Mystery Solvers','2/10/07',23,'TRUE','Abduction'),(377,61,'Shaggy & Scooby-Doo Get a Clue!',1,'Chefs of Steel','2/17/07',22,'TRUE','Competition'),(378,9,'Shaggy & Scooby-Doo Get a Clue!',1,'Almost Ghosts','2/24/07',23,'TRUE','Theft'),(379,9,'Shaggy & Scooby-Doo Get a Clue!',1,'Pole to Pole','3/3/07',22,'TRUE','Conquer'),(380,5,'Shaggy & Scooby-Doo Get a Clue!',1,'Big Trouble','4/28/07',23,'TRUE','Conquer'),(381,1,'Shaggy & Scooby-Doo Get a Clue!',1,'Operation Dog and Hippy Boy','5/5/07',22,'TRUE','Conquer'),(382,1,'Shaggy & Scooby-Doo Get a Clue!',2,'Shaggy and Scooby World','9/22/07',23,'TRUE','Conquer'),(383,1,'Shaggy & Scooby-Doo Get a Clue!',2,'Almost Purr-fect','9/29/07',23,'TRUE','Theft'),(384,1,'Shaggy & Scooby-Doo Get a Clue!',2,'Inside Job','10/6/07',22,'TRUE','Conquer'),(385,3,'Shaggy & Scooby-Doo Get a Clue!',2,'Zoinksman','10/13/07',23,'TRUE','Conquer'),(386,1,'Shaggy & Scooby-Doo Get a Clue!',2,'The Many Faces of Evil','11/3/07',23,'TRUE','Conquer'),(387,113,'Shaggy & Scooby-Doo Get a Clue!',2,'Crusin\' for a Brusin\'','11/10/07',22,'TRUE','Conquer'),(388,1,'Shaggy & Scooby-Doo Get a Clue!',2,'There\'s a Doctor in the House','12/1/07',23,'TRUE','Conquer'),(389,1,'Shaggy & Scooby-Doo Get a Clue!',2,'Super Scary Movie Night','1/26/08',22,'TRUE','Conquer'),(390,1,'Shaggy & Scooby-Doo Get a Clue!',2,'Runaway Robi','2/2/08',23,'TRUE','Conquer'),(391,1,'Shaggy & Scooby-Doo Get a Clue!',2,'Don\'t Get a Big Head','2/16/08',23,'TRUE','Conquer'),(392,114,'Shaggy & Scooby-Doo Get a Clue!',2,'Scooby Dudes','2/23/08',23,'TRUE','Conquer'),(393,1,'Shaggy & Scooby-Doo Get a Clue!',2,'Zoinks the Wonder Dog','3/8/08',23,'TRUE','Conquer'),(394,1,'Shaggy & Scooby-Doo Get a Clue!',2,'Uncle Albert Alert','3/15/08',23,'TRUE','Conquer'),(395,11,'Scooby-Doo Mystery Incorporated',1,'Beware the Beast From Below','4/5/10',23,'FALSE','Theft'),(396,115,'Scooby-Doo Mystery Incorporated',1,'The Creeping Creatures','7/19/10',23,'FALSE','Counterfeit'),(397,11,'Scooby-Doo Mystery Incorporated',1,'The Secret of the Ghost Rig','7/26/10',23,'FALSE','Theft'),(398,116,'Scooby-Doo Mystery Incorporated',1,'Revenge of the Man Crab','8/2/10',22,'FALSE','Competition'),(399,11,'Scooby-Doo Mystery Incorporated',1,'The Song of Mystery','8/9/10',22,'FALSE','Competition'),(400,11,'Scooby-Doo Mystery Incorporated',1,'The Legend of Alice May','8/16/10',23,'FALSE','Competition'),(401,11,'Scooby-Doo Mystery Incorporated',1,'In Fear of the Phantom','8/23/10',23,'FALSE','Competition'),(402,18,'Scooby-Doo Mystery Incorporated',1,'The Grasp of the Gnome','8/30/10',23,'FALSE','Competition'),(403,11,'Scooby-Doo Mystery Incorporated',1,'Battle of the Humungonauts','9/7/10',23,'FALSE','Competition'),(404,11,'Scooby-Doo Mystery Incorporated',1,'Howl of the Fright Hound','10/4/10',23,'FALSE','Competition'),(405,11,'Scooby-Doo Mystery Incorporated',1,'The Secret Serum','10/11/10',22,'FALSE','Theft'),(406,11,'Scooby-Doo Mystery Incorporated',1,'The Shrieking Madness','10/18/10',22,'FALSE','Competition'),(407,11,'Scooby-Doo Mystery Incorporated',1,'When the Cicada Calls','10/25/10',22,'FALSE','Preservation'),(408,11,'Scooby-Doo Mystery Incorporated',1,'Mystery Solvers Club State Finals','5/3/11',22,'FALSE','Imagination'),(409,11,'Scooby-Doo Mystery Incorporated',1,'The Wild Brood','5/10/11',22,'FALSE','Competition'),(410,11,'Scooby-Doo Mystery Incorporated',1,'Where Walks Aphrodite','5/17/11',21,'FALSE','Competition'),(411,11,'Scooby-Doo Mystery Incorporated',1,'Escape from Mystery Manor','5/24/11',22,'TRUE','Preservation'),(412,11,'Scooby-Doo Mystery Incorporated',1,'The Dragon\'s Secret','5/31/11',22,'FALSE','Theft'),(413,11,'Scooby-Doo Mystery Incorporated',1,'Nightfright','6/7/11',22,'FALSE','Competition'),(414,11,'Scooby-Doo Mystery Incorporated',1,'The Siren\'s Song','6/14/11',23,'FALSE','Natural Resource'),(415,11,'Scooby-Doo Mystery Incorporated',1,'Menace of the Manticore','6/21/11',22,'FALSE','Competition'),(416,11,'Scooby-Doo Mystery Incorporated',1,'Attack of the Headless Horror','6/28/11',22,'FALSE','Competition'),(417,11,'Scooby-Doo Mystery Incorporated',1,'A Haunting in Crystal Cove','7/5/11',22,'FALSE','Theft'),(418,11,'Scooby-Doo Mystery Incorporated',1,'Dead Justice','7/12/11',22,'FALSE','Competition'),(419,11,'Scooby-Doo Mystery Incorporated',1,'Pawn of Shadows','7/19/11',23,'FALSE','Theft'),(420,11,'Scooby-Doo Mystery Incorporated',1,'All Fear the Freak','7/26/11',23,'FALSE','Theft'),(421,11,'Scooby-Doo Mystery Incorporated',2,'The Night the Clown Cried','7/30/12',23,'FALSE',NULL),(422,18,'Scooby-Doo Mystery Incorporated',2,'The House of the Nightmare Witch','7/31/12',23,'FALSE','Smuggling'),(423,11,'Scooby-Doo Mystery Incorporated',2,'The Night the Clown Cried II - Tears of Doom','8/1/12',23,'FALSE','Abduction'),(424,11,'Scooby-Doo Mystery Incorporated',2,'Web of the Dreamweaver!','8/2/12',23,'FALSE','Competition'),(425,11,'Scooby-Doo Mystery Incorporated',2,'The Hodag of Horror','8/3/12',23,'FALSE','Theft'),(426,11,'Scooby-Doo Mystery Incorporated',2,'Art of Darkness','8/6/12',23,'FALSE','Competition'),(427,94,'Scooby-Doo Mystery Incorporated',2,'The Gathering Gloom','8/7/12',22,'FALSE','Natural Resource'),(428,93,'Scooby-Doo Mystery Incorporated',2,'Night on Haunted Mountain','8/8/12',23,'FALSE','Treasure'),(429,18,'Scooby-Doo Mystery Incorporated',2,'Grrim Judgment','8/9/12',23,'FALSE','Competition'),(430,30,'Scooby-Doo Mystery Incorporated',2,'Night Terrors','8/10/12',23,'FALSE','Competition'),(431,117,'Scooby-Doo Mystery Incorporated',2,'The Midnight Zone','8/13/12',22,'TRUE','Theft'),(432,18,'Scooby-Doo Mystery Incorporated',2,'Scarebear','8/14/12',23,'FALSE','Preservation'),(433,11,'Scooby-Doo Mystery Incorporated',2,'Wrath of the Krampus','8/15/12',22,'FALSE','Theft'),(434,3,'Scooby-Doo Mystery Incorporated',2,'Heart of Evil','8/16/12',22,'FALSE','Theft'),(435,1,'Scooby-Doo Mystery Incorporated',2,'Theater of Doom','8/17/12',22,'FALSE','Theft'),(436,11,'Scooby-Doo Mystery Incorporated',2,'Aliens Among Us','3/25/13',22,'FALSE','Theft'),(437,94,'Scooby-Doo Mystery Incorporated',2,'The Horrible Herd','3/25/13',22,'FALSE','Theft'),(438,11,'Scooby-Doo Mystery Incorporated',2,'Dance of the Undead','3/26/13',22,'FALSE','Competition'),(439,11,'Scooby-Doo Mystery Incorporated',2,'The Devouring','3/27/13',23,'FALSE','Competition'),(440,11,'Scooby-Doo Mystery Incorporated',2,'Stand and Deliver','3/28/13',22,'FALSE','Competition'),(441,11,'Scooby-Doo Mystery Incorporated',2,'The Man in the Mirror','3/29/13',22,'FALSE','Theft'),(442,94,'Scooby-Doo Mystery Incorporated',2,'Nightmare in Red','4/2/13',23,'FALSE','Preservation'),(443,92,'Scooby-Doo Mystery Incorporated',2,'Dark Night of Hunters','4/3/13',22,'FALSE','Competition'),(444,4,'Scooby-Doo Mystery Incorporated',2,'Gates of Gloom','4/4/13',23,'FALSE','Treasure'),(445,4,'Scooby-Doo Mystery Incorporated',2,'Through the Curtain','4/5/13',22,'TRUE','Conquer'),(446,11,'Scooby-Doo Mystery Incorporated',2,'Come Undone','4/5/13',22,'TRUE','Conquer'),(447,1,'Be Cool, Scooby-Doo!',1,'Mystery 101','10/5/15',22,'FALSE','Competition'),(448,84,'Be Cool, Scooby-Doo!',1,'Game of Chicken','10/6/15',22,'FALSE','Treasure'),(449,8,'Be Cool, Scooby-Doo!',1,'All Pawns on Deck','10/7/15',22,'FALSE','Treasure'),(450,1,'Be Cool, Scooby-Doo!',1,'Poodle Justice','10/8/15',22,'FALSE','Competition'),(451,1,'Be Cool, Scooby-Doo!',1,'Grand Scam','10/9/15',22,'FALSE','Competition'),(452,1,'Be Cool, Scooby-Doo!',1,'Trading Chase','10/12/15',22,'FALSE','Theft'),(453,84,'Be Cool, Scooby-Doo!',1,'Be Quiet, Scooby-Doo!','10/15/15',22,'FALSE','Competition'),(454,9,'Be Cool, Scooby-Doo!',1,'Party Like It\'s 1899','10/19/15',22,'FALSE','Theft'),(455,1,'Be Cool, Scooby-Doo!',1,'Screama Donna','10/20/15',22,'FALSE','Competition'),(456,1,'Be Cool, Scooby-Doo!',1,'Kitchen Frightmare','10/21/15',22,'FALSE','Competition'),(457,1,'Be Cool, Scooby-Doo!',1,'Me, Myself, and A.I.','10/22/15',22,'FALSE','Competition'),(458,118,'Be Cool, Scooby-Doo!',1,'Area 51 Adjacent','10/23/15',22,'FALSE','Competition'),(459,9,'Be Cool, Scooby-Doo!',1,'Where There\'s a Will, There\'s a Wraith','10/28/15',22,'FALSE','Inheritance'),(460,1,'Be Cool, Scooby-Doo!',1,'Scary Christmas','12/5/15',22,'FALSE','Theft'),(461,3,'Be Cool, Scooby-Doo!',1,'If You Can\'t Scooby-Doo the Time,Don\'t Scooby-Doo the Crime','12/10/15',24,'FALSE','Theft'),(462,119,'Be Cool, Scooby-Doo!',1,'Gremlin on a Plane','2/13/16',22,'FALSE','Competition'),(463,1,'Be Cool, Scooby-Doo!',1,'Sorcerer Snacks Scare','2/20/16',22,'FALSE','Competition'),(464,120,'Be Cool, Scooby-Doo!',1,'Saga of the Swamp Beast','2/27/16',22,'FALSE','Theft'),(465,10,'Be Cool, Scooby-Doo!',1,'Be Cold, Scooby-Doo!','3/5/16',22,'FALSE','Preservation'),(466,88,'Be Cool, Scooby-Doo!',1,'Giant Problems','3/12/16',22,'FALSE','Competition'),(467,9,'Be Cool, Scooby-Doo!',1,'Eating Crow','3/23/16',22,'FALSE','Natural Resource'),(468,9,'Be Cool, Scooby-Doo!',1,'I Scooby Dooby Do','6/20/17',22,'FALSE','Competition'),(469,20,'Be Cool, Scooby-Doo!',1,'El Bandito','6/20/17',22,'FALSE','Treasure'),(470,1,'Be Cool, Scooby-Doo!',1,'Into the Mouth Madcap','6/20/17',22,'FALSE','Competition'),(471,6,'Be Cool, Scooby-Doo!',1,'The Norse Case Scenario','6/20/17',22,'FALSE','Natural Resource'),(472,1,'Be Cool, Scooby-Doo!',1,'The People vs. Fred Jones','6/20/17',22,'FALSE','Theft'),(473,2,'Be Cool, Scooby-Doo!',2,'Some Fred Time','11/14/17',22,'FALSE','Competition'),(474,6,'Be Cool, Scooby-Doo!',2,'There Wolf','11/15/17',22,'FALSE','Theft'),(475,6,'Be Cool, Scooby-Doo!',2,'Renn Scare','11/15/17',22,'FALSE','Competition'),(476,9,'Be Cool, Scooby-Doo!',2,'How to Train Your Coward','12/21/17',22,'FALSE','Theft'),(477,61,'Be Cool, Scooby-Doo!',2,'Worst in Show','11/17/17',22,'FALSE','Competition'),(478,9,'Be Cool, Scooby-Doo!',2,'Mysteries on the Disorient Express','11/18/17',22,'FALSE','Theft'),(479,1,'Be Cool, Scooby-Doo!',2,'Halloween','9/28/17',22,'FALSE','Competition'),(480,27,'Be Cool, Scooby-Doo!',2,'The Curse of Kaniaku','11/19/17',22,'FALSE','Competition'),(481,1,'Be Cool, Scooby-Doo!',2,'Vote Velma','11/19/17',22,'FALSE','Competition'),(482,29,'Be Cool, Scooby-Doo!',2,'Scroogey Doo','11/30/17',22,'FALSE','Theft'),(483,77,'Be Cool, Scooby-Doo!',2,'In Space','11/20/17',22,'FALSE','Natural Resource'),(484,10,'Be Cool, Scooby-Doo!',2,'Doo Not Distrub','11/21/17',22,'FALSE','Competition'),(485,94,'Be Cool, Scooby-Doo!',2,'Silver Scream','11/22/17',22,'FALSE','Competition'),(486,1,'Be Cool, Scooby-Doo!',2,'Fright of Hand','11/22/17',22,'FALSE','Competition'),(487,37,'Be Cool, Scooby-Doo!',2,'Greece in the World','11/23/17',22,'FALSE','Competition'),(488,1,'Be Cool, Scooby-Doo!',2,'American Goth','3/8/18',22,'FALSE','Competition'),(489,1,'Be Cool, Scooby-Doo!',2,'Omelettes Are Forever','3/9/18',22,'FALSE','Competition'),(490,5,'Be Cool, Scooby-Doo!',2,'Ghost in the Mystery Machine','3/10/18',22,'FALSE','Competition'),(491,10,'Be Cool, Scooby-Doo!',2,'Naughty or Ice','3/11/18',22,'FALSE','Theft'),(492,121,'Be Cool, Scooby-Doo!',2,'Night of the Upsetting Shorts','3/12/18',22,'FALSE','Competition'),(493,9,'Be Cool, Scooby-Doo!',2,'Junkyard Dogs','3/13/18',22,'FALSE','Theft'),(494,11,'Be Cool, Scooby-Doo!',2,'Protein Titans 2','3/14/18',22,'FALSE','Competition'),(495,15,'Be Cool, Scooby-Doo!',2,'World of Witchcraft','3/15/18',22,'FALSE','Theft'),(496,1,'Be Cool, Scooby-Doo!',2,'Professor Huh? Part 1','3/16/18',22,'FALSE',NULL),(497,1,'Be Cool, Scooby-Doo!',2,'Professor Huh? Part 6 3/4','3/17/18',22,'FALSE','Competition'),(498,1,'Be Cool, Scooby-Doo!',2,'Pizza O\'Possumm\'s','3/18/18',11,'FALSE','Competition'),(499,84,'Be Cool, Scooby-Doo!',2,'The Curse of Half-Beard\'s Booty','3/18/18',11,'FALSE','Treasure'),(500,31,'Scooby-Doo and Guess Who?',1,'Revenge of the Swamp Monster','6/27/19',22,'FALSE','Competition'),(501,122,'Scooby-Doo and Guess Who?',1,'A Mystery Solving Gang Divided','7/2/19',22,'FALSE','Treasure'),(502,1,'Scooby-Doo and Guess Who?',1,'Peebles\' Pet Show of Terrible Terrors!','7/11/19',22,'FALSE','Competition'),(503,29,'Scooby-Doo and Guess Who?',1,'Elementary, My Dear Shaggy!','7/18/19',22,'FALSE','Theft'),(504,29,'Scooby-Doo and Guess Who?',1,'Ollie Ollie In-Come Free!','7/25/19',23,'FALSE','Theft'),(505,37,'Scooby-Doo and Guess Who?',1,'The Scooby of a Thousand Faces!','8/1/19',22,'FALSE','Treasure'),(506,99,'Scooby-Doo and Guess Who?',1,'The Cursed Cabinet of Professor Madds Markson','8/8/19',22,'FALSE','Entertainment'),(507,123,'Scooby-Doo and Guess Who?',1,'When Urkel-Bots Go Bad!','8/15/19',22,'FALSE','Natural Resource'),(508,9,'Scooby-Doo and Guess Who?',1,'The Fastest Food Fiend!','8/22/19',23,'FALSE','Competition'),(509,6,'Scooby-Doo and Guess Who?',1,'Attack of the Weird Al-Osaurus!','8/29/19',23,'FALSE','Natural Resource'),(510,11,'Scooby-Doo and Guess Who?',1,'Now You Sia, Now You Don\'t!','9/5/19',22,'FALSE','Theft'),(511,124,'Scooby-Doo and Guess Who?',1,'Quit Clowning!','9/12/19',23,'FALSE','Competition'),(512,1,'Scooby-Doo and Guess Who?',1,'What a Night, for a Dark Knight','9/19/19',22,'FALSE','Theft'),(513,125,'Scooby-Doo and Guess Who?',1,'The Nightmare Ghost of Psychic U!','7/2/20',23,'FALSE','Inheritance'),(514,126,'Scooby-Doo and Guess Who?',1,'The Sword, the Fox and the Scooby-Doo!','7/2/20',23,'FALSE','Theft'),(515,9,'Scooby-Doo and Guess Who?',1,'One Minuite Mysteries!','7/2/20',23,'FALSE','Competition'),(516,11,'Scooby-Doo and Guess Who?',1,'Hollywood Knights!','7/2/20',22,'FALSE','Inheritance'),(517,61,'Scooby-Doo and Guess Who?',1,'The New York Underground!','7/2/20',22,'FALSE','Treasure'),(518,39,'Scooby-Doo and Guess Who?',1,'Fear the Fire Beast!','7/2/20',22,'FALSE','Competition'),(519,9,'Scooby-Doo and Guess Who?',1,'Too Many Dummies!','7/2/20',22,'FALSE','Competition'),(520,127,'Scooby-Doo and Guess Who?',1,'Dance Matron of Mayhem','7/2/20',22,'FALSE','Competition'),(521,7,'Scooby-Doo and Guess Who?',1,'The Wedding Witch of Wainsly Hall!','7/2/20',22,'FALSE','Theft'),(522,5,'Scooby-Doo and Guess Who?',1,'A Run Cycle Through Time!','7/2/20',22,'FALSE','Simulation'),(523,106,'Scooby-Doo and Guess Who?',1,'I Put a Hex on You!','7/2/20',22,'FALSE','Competition'),(524,1,'Scooby-Doo and Guess Who?',1,'The High School Wolfman\'s Musical Lament!','7/2/20',23,'FALSE','Competition'),(525,77,'Scooby-Doo and Guess Who?',1,'Space Station Scooby','7/2/20',22,'FALSE','Theft'),(526,14,'Scooby-Doo and Guess Who?',2,'The Phantom, the Talking Dog and the Hot Hot Hot Sauce!','10/1/20',22,'FALSE','Treasure'),(527,9,'Scooby-Doo and Guess Who?',2,'The Last Inmate!','10/1/20',22,'FALSE','Treasure'),(528,9,'Scooby-Doo and Guess Who?',2,'The Horrible Haunted Hospital of Dr. Phineas Phrag!','10/1/20',23,'FALSE','Natural Resource'),(529,123,'Scooby-Doo and Guess Who?',2,'The Hot Dog Dog!','10/1/20',22,'FALSE','Competition'),(530,85,'Scooby-Doo and Guess Who?',2,'A Moveable Mystery!','10/1/20',22,'FALSE','Theft'),(531,128,'Scooby-Doo and Guess Who?',2,'The Feast of Dr. Frankenfooder!','10/1/20',22,'FALSE','Competition'),(532,1,'Scooby-Doo and Guess Who?',2,'A Fashion Nightmare','10/1/20',22,'FALSE','Theft'),(533,129,'Scooby-Doo and Guess Who?',2,'Scooby on Ice!','10/1/20',22,'FALSE','Natural Resource'),(534,130,'Scooby-Doo and Guess Who?',2,'Caveman on the Half-Pipe','10/1/20',22,'FALSE','Treasure'),(535,131,'Scooby-Doo and Guess Who?',2,'The Crown Jewel of Boxing!','10/1/20',22,'FALSE','Treasure'),(536,9,'Scooby-Doo and Guess Who?',2,'The Internet on Haunted House Hill!','10/1/20',22,'FALSE','Treasure'),(537,23,'Scooby-Doo and Guess Who?',2,'The 7th Inning Scare!','10/1/20',22,'FALSE','Entertainment'),(538,11,'Scooby-Doo and Guess Who?',2,'The Dreaded Remake of Jekyll & Hyde!','10/1/20',22,'FALSE','Theft'),(539,5,'Scooby-Doo and Guess Who?',2,'Dark Diner of Route 66!','2/25/21',22,'FALSE','Treasure'),(540,11,'Scooby-Doo and Guess Who?',2,'Total Jeopardy!','11/13/20',23,'FALSE','Competition');

--
-- Table structure for table `Episode_Monsters`
--

DROP TABLE IF EXISTS `Episode_Monsters`;
/*!40101 SET @saved_cs_client     = @@character_set_client */;
/*!50503 SET character_set_client = utf8mb4 */;
CREATE TABLE `Episode_Monsters` (
  `episode_id` int DEFAULT NULL,
  `monster_id` int DEFAULT NULL,
  KEY `Episode_Monsters_Episode_Details_episode_id_fk` (`episode_id`),
  KEY `Episode_Monsters_Monsters_monster_id_fk` (`monster_id`),
  CONSTRAINT `Episode_Monsters_Episode_Details_episode_id_fk` FOREIGN KEY (`episode_id`) REFERENCES `Episode_Details` (`episode_id`),
  CONSTRAINT `Episode_Monsters_Monsters_monster_id_fk` FOREIGN KEY (`monster_id`) REFERENCES `Monsters` (`monster_id`)
) ENGINE=InnoDB DEFAULT CHARSET=utf8mb4 COLLATE=utf8mb4_0900_ai_ci;
/*!40101 SET character_set_client = @saved_cs_client */;

--
-- Dumping data for table `Episode_Monsters`
--

INSERT INTO `Episode_Monsters` VALUES (1,1),(2,2),(3,3),(4,4),(5,5),(6,6),(7,7),(8,8),(9,9),(10,10),(11,11),(11,12),(11,13),(12,14),(13,15),(13,16),(14,17),(15,18),(16,19),(16,19),(17,20),(18,21),(19,22),(19,23),(19,23),(20,24),(21,25),(22,26),(23,27),(23,28),(24,11),(25,29),(26,30),(26,31),(26,32),(26,33),(26,34),(27,35),(27,36),(28,37),(29,38),(30,39),(30,39),(31,40),(31,41),(31,41),(32,42),(32,43),(32,44),(32,45),(32,46),(32,47),(32,48),(32,49),(32,50),(33,51),(33,51),(34,52),(34,53),(34,54),(34,55),(34,56),(34,57),(34,58),(35,59),(36,60),(37,17),(37,61),(37,61),(37,61),(38,62),(38,63),(39,64),(39,65),(40,66),(40,67),(41,68),(41,69),(41,70),(41,71),(42,72),(42,72),(42,72),(43,73),(43,74),(44,75),(45,76),(46,77),(46,78),(46,79),(46,80),(46,81),(46,82),(46,83),(46,84),(47,85),(47,85),(47,85),(47,85),(48,86),(48,86),(49,87),(50,88),(50,89),(51,90),(51,91),(52,92),(53,93),(54,94),(55,95),(55,96),(56,97),(57,98),(57,99),(58,100),(58,101),(58,102),(59,103),(60,104),(60,105),(60,106),(61,107),(62,108),(62,109),(62,110),(63,111),(64,112),(64,113),(64,114),(65,115),(65,116),(65,117),(66,118),(66,118),(66,118),(69,119),(72,120),(75,121),(77,122),(78,123),(81,124),(81,15),(84,125),(87,126),(87,127),(91,128),(91,129),(97,130),(98,131),(106,132),(106,133),(106,133),(108,134),(109,135),(109,135),(109,135),(112,136),(113,137),(114,13),(114,138),(114,139),(114,140),(115,141),(118,142),(120,143),(121,144),(121,145),(124,146),(127,147),(130,148),(131,149),(132,150),(133,151),(134,152),(135,153),(136,154),(136,155),(137,156),(138,157),(139,158),(140,159),(141,160),(142,161),(142,162),(143,163),(144,164),(145,165),(146,166),(147,167),(148,168),(149,169),(150,170),(151,171),(152,172),(154,173),(154,173),(155,174),(156,175),(157,176),(158,177),(160,44),(164,24),(165,178),(170,179),(171,180),(172,181),(173,182),(173,183),(173,184),(173,185),(175,186),(177,187),(178,188),(179,189),(183,190),(185,191),(185,191),(186,192),(187,193),(188,194),(189,195),(190,159),(193,196),(194,197),(195,198),(196,199),(197,200),(197,201),(198,159),(200,202),(201,203),(203,204),(204,205),(204,206),(205,207),(206,208),(207,209),(208,210),(209,211),(212,212),(213,213),(216,214),(217,215),(217,216),(217,217),(217,218),(217,212),(226,219),(231,220),(232,221),(232,222),(232,221),(234,223),(236,224),(237,225),(239,226),(240,227),(241,228),(241,229),(242,230),(242,231),(242,232),(242,233),(242,234),(242,235),(243,236),(244,237),(245,238),(246,239),(247,240),(248,241),(248,242),(249,243),(249,244),(249,245),(249,246),(250,247),(252,248),(252,249),(253,250),(255,162),(256,172),(257,251),(258,252),(259,253),(260,13),(260,12),(260,254),(260,255),(261,256),(262,44),(263,257),(264,258),(265,259),(266,260),(267,261),(267,261),(268,262),(269,263),(270,264),(271,265),(273,266),(273,266),(273,266),(273,266),(274,267),(275,268),(276,269),(277,270),(277,271),(277,272),(277,273),(278,274),(280,275),(281,276),(282,277),(283,278),(284,279),(284,280),(284,281),(284,282),(284,283),(285,284),(285,285),(285,285),(285,202),(285,286),(285,286),(286,287),(286,288),(286,289),(287,279),(287,280),(287,290),(288,291),(288,292),(289,293),(289,280),(289,294),(289,295),(289,296),(290,293),(290,280),(290,297),(290,298),(291,299),(291,300),(291,301),(291,302),(292,303),(292,304),(292,305),(293,306),(293,293),(293,280),(294,307),(294,293),(294,280),(294,308),(294,309),(295,310),(295,293),(295,280),(296,311),(296,293),(296,280),(296,312),(296,266),(296,266),(296,266),(297,42),(298,313),(299,314),(300,315),(301,316),(302,317),(303,318),(304,319),(305,320),(306,321),(307,322),(308,323),(309,324),(310,325),(311,159),(312,326),(313,327),(314,328),(315,329),(317,330),(318,331),(319,332),(320,333),(321,334),(322,335),(324,336),(326,337),(327,338),(328,339),(329,340),(330,341),(330,341),(331,342),(332,343),(333,344),(334,345),(335,346),(336,347),(337,348),(337,349),(337,350),(338,351),(339,352),(340,353),(341,354),(341,355),(342,356),(342,266),(342,266),(342,357),(342,266),(342,358),(342,359),(342,360),(343,361),(344,362),(344,363),(345,364),(346,365),(346,366),(347,148),(348,367),(349,368),(350,369),(350,369),(351,370),(352,371),(353,372),(353,373),(354,374),(355,375),(355,376),(356,377),(356,378),(356,379),(357,380),(357,381),(357,382),(357,383),(357,384),(358,385),(359,215),(360,386),(361,387),(362,388),(363,389),(364,202),(365,390),(366,391),(367,392),(367,393),(368,394),(369,395),(369,396),(369,397),(369,398),(369,399),(369,400),(369,401),(369,402),(369,403),(369,404),(369,405),(369,406),(369,407),(369,408),(369,409),(370,395),(370,398),(370,399),(370,400),(370,401),(370,402),(370,404),(370,405),(370,406),(370,407),(370,408),(370,409),(370,410),(371,395),(371,396),(371,397),(371,398),(371,403),(371,406),(371,411),(372,395),(372,412),(372,397),(372,411),(373,395),(373,411),(373,413),(373,414),(373,415),(373,396),(373,397),(374,395),(374,396),(374,397),(374,398),(374,399),(374,402),(374,405),(374,406),(374,407),(374,408),(374,411),(375,395),(375,416),(375,417),(375,408),(375,414),(375,415),(375,411),(376,395),(376,399),(376,408),(377,395),(377,411),(377,418),(377,397),(377,400),(377,403),(378,395),(378,411),(378,396),(378,397),(378,414),(378,415),(379,395),(379,411),(379,419),(379,396),(379,397),(379,400),(379,401),(379,403),(379,406),(379,407),(379,408),(380,395),(380,411),(380,396),(380,397),(380,414),(380,415),(380,420),(380,421),(380,402),(381,395),(381,422),(381,423),(381,424),(381,397),(382,395),(382,411),(382,396),(382,397),(382,400),(382,401),(382,402),(382,404),(382,414),(382,415),(383,395),(383,396),(383,397),(383,399),(383,414),(383,415),(383,411),(383,422),(384,395),(384,396),(384,397),(384,398),(384,399),(384,400),(384,401),(384,403),(384,404),(384,425),(385,395),(385,396),(385,397),(385,398),(385,399),(385,400),(385,402),(385,403),(385,404),(385,406),(385,426),(385,427),(385,425),(386,395),(386,428),(386,429),(386,430),(387,395),(387,396),(387,397),(387,411),(388,395),(388,429),(388,396),(388,397),(388,398),(388,399),(388,408),(388,411),(389,395),(389,396),(389,397),(389,414),(389,415),(389,411),(389,431),(389,432),(389,44),(389,433),(389,12),(389,434),(390,395),(390,396),(390,397),(390,398),(390,399),(390,402),(390,403),(390,404),(390,406),(390,408),(390,414),(390,415),(390,411),(391,395),(391,396),(391,397),(391,398),(391,399),(391,403),(391,404),(391,406),(391,411),(392,395),(392,396),(392,435),(392,399),(392,414),(392,415),(392,411),(392,436),(392,437),(393,438),(393,395),(393,396),(393,397),(393,414),(393,415),(393,411),(393,439),(394,395),(394,396),(394,397),(394,399),(394,400),(394,408),(394,440),(394,441),(394,442),(394,414),(394,415),(394,411),(395,443),(396,444),(396,445),(396,444),(397,446),(398,447),(399,448),(399,449),(400,450),(401,3),(402,451),(403,452),(403,453),(404,454),(405,455),(406,456),(407,457),(408,458),(409,459),(410,460),(411,461),(412,462),(413,463),(414,464),(414,464),(414,464),(414,464),(415,465),(416,466),(417,467),(418,468),(419,469),(420,470),(421,471),(422,472),(422,473),(423,471),(424,474),(425,475),(426,476),(427,477),(428,478),(429,479),(430,480),(431,481),(431,482),(432,483),(433,484),(434,485),(435,486),(436,487),(436,488),(436,489),(437,490),(437,491),(438,492),(438,492),(438,492),(438,492),(439,493),(440,494),(441,495),(441,496),(442,497),(443,498),(444,481),(445,499),(446,499),(446,500),(447,501),(448,502),(449,217),(449,217),(450,215),(451,503),(452,504),(453,505),(454,506),(455,507),(456,508),(457,509),(458,159),(459,3),(460,510),(461,511),(462,252),(463,512),(464,513),(465,514),(466,515),(467,516),(467,516),(468,517),(469,518),(470,519),(471,520),(471,520),(471,520),(472,521),(473,522),(474,11),(475,523),(476,524),(477,525),(478,526),(478,44),(478,527),(478,528),(478,529),(478,530),(478,531),(478,532),(479,473),(479,472),(480,533),(481,534),(482,535),(482,536),(482,537),(482,538),(483,539),(484,540),(485,541),(486,542),(487,543),(488,544),(489,545),(490,342),(491,546),(492,7),(493,547),(494,548),(495,549),(496,550),(497,550),(498,551),(499,552),(500,553),(501,554),(502,555),(503,556),(504,557),(505,172),(506,558),(506,559),(507,560),(508,561),(509,562),(509,563),(510,564),(511,565),(512,566),(513,567),(514,568),(515,569),(515,570),(515,18),(515,571),(515,162),(515,17),(515,572),(515,16),(515,573),(515,3),(515,574),(515,575),(516,576),(517,577),(518,578),(519,579),(520,580),(521,581),(522,582),(522,583),(523,584),(524,11),(525,585),(526,586),(527,587),(528,588),(529,589),(530,215),(531,590),(532,591),(533,592),(534,24),(535,593),(536,594),(537,595),(538,596),(538,44),(538,238),(538,597),(539,598),(539,598),(539,598),(540,599);

--
-- Table structure for table `Monsters`
--

DROP TABLE IF EXISTS `Monsters`;
/*!40101 SET @saved_cs_client     = @@character_set_client */;
/*!50503 SET character_set_client = utf8mb4 */;
CREATE TABLE `Monsters` (
  `monster_id` int NOT NULL AUTO_INCREMENT,
  `monster_name` varchar(60) DEFAULT NULL,
  `monster_gender` text,
  `monster_type` text,
  `monster_subtype` text,
  `monster_species` text,
  PRIMARY KEY (`monster_id`),
  UNIQUE KEY `Monsters_monster_id_uindex` (`monster_id`),
  KEY `Monsters_monster_name_index` (`monster_name`)
) ENGINE=InnoDB AUTO_INCREMENT=600 DEFAULT CHARSET=utf8mb4 COLLATE=utf8mb4_0900_ai_ci;
/*!40101 SET character_set_client = @saved_cs_client */;

--
-- Dumping data for table `Monsters`
--

INSERT INTO `Monsters` VALUES (1,'Black Knight','Male','Possessed Object','Suit','Object'),(2,'Ghost of Cptn. Cuttler','Male','Ghost','Suit','Human'),(3,'Phantom','Male','Ghost','Phantom','Human'),(4,'Miner 49\'er','Male','Ancient','Miner','Human'),(5,'Indian Witch Doctor','Female','Ancient','Witch Doctor','Human'),(6,'Ghost of Elias Kingston','Male','Ghost','Phantom','Human'),(7,'Ape Man','Male','Animal','Half-Human','Ape'),(8,'Charlie the Robot','Male','Mechanical','Humanoid','Robot'),(9,'Puppet Master','Male','Ghost','Pupeteer','Human'),(10,'Ghost Clown','Male','Ghost','Clown','Human'),(11,'Werewolf','Male','Animal','Werewolf','Human'),(12,'Dracula','Male','Undead','Vampire','Human'),(13,'Frankenstein\'s Monster','Male','Undead','Frankenstein\'s Monster','Human'),(14,'Mummy of Ankha','Male','Undead','Mummy','Human'),(15,'Zombie','Male','Undead','Zombie','Human'),(16,'Witch','Female','Magician','Witch','Human'),(17,'Ghost of Redbeard','Male','Ghost','Pirate','Human'),(18,'Spooky Space Kook','Male','Extraterrestrial','Phantom','Alien'),(19,'Green Ghost','Male','Ghost','Phantom','Human'),(20,'Snow Ghost','Male','Ghost','Snow','Yeti'),(21,'Ghost of Mr. Hyde','Male','Ghost','Split-Personality','Human'),(22,'Ghost of Zen Tuo','Male','Ghost','Zombie','Human'),(23,'Scare Pair','Male','Ghost','Zombie','Human'),(24,'Caveman','Male','Ancient','Caveman','Human'),(25,'Creeper','Male','Ghost','Phantom','Human'),(26,'Headless Specter','Male','Ghost','Headless','Human'),(27,'Witch Doctor','Female','Ancient','Witch Doctor','Human'),(28,'Mano Tiki Tia','Male','Possessed Object','Statue','Object'),(29,'Wax Phantom','Male','Ghost','Statue','Human'),(30,'Giant Bat','Male','Animal','Bat','Bat'),(31,'Geronimo','Male','Ancient','Indian','Human'),(32,'Gunslinger','Male','Ancient','Cowboy','Human'),(33,'Robot Gunslinger','Male','Mechanical','Humanoid','Robot'),(34,'Cactus','None','Plant','Cactus','Cactus'),(35,'Hooded Man','Male','Disguised','Hooded','Human'),(36,'Skeletons','Male','Skeleton','Humaniod','Human'),(37,'The Vulture','Female','Animal','Bird','Vulture'),(38,'Scarecrow','Male','Possessed Object','Scarecrow','Human'),(39,'Ghost of Captain Moody','Male','Ghost','Phantom','Human'),(40,'The Gargoyle','Male','Possessed Object','Statue','Gargoyle'),(41,'Phantoms','Male','Ghost','Phantom','Human'),(42,'Ghost','Male','Ghost','Phantom','Human'),(43,'Sheik','Male','Disguised','Sheik','Human'),(44,'Mummy','Male','Undead','Mummy','Human'),(45,'Pirate','Male','Disguised','Pirate','Human'),(46,'Dragon','Male','Animal','Dragon','Dragon'),(47,'Wolfman','Male','Animal','Humanoid','Human'),(48,'Grizzly Bear','Male','Animal','Bear','Bear'),(49,'Indian','Male','Ancient','Indian','Human'),(50,'Mr. Hyde','Male','Disguised','Split-Personality','Human'),(51,'Shark Men','Male','Animal','Sea-Monster','Shark'),(52,'Skeleton Man','Male','Undead','Skeleton','Human'),(53,'Lady Ghost','Female','Ghost','Phantom','Human'),(54,'3-Eyed Spook','Male','Ghost','Phantom','Human'),(55,'Giant','Male','Ghost','Phantom','Human'),(56,'Brontosaurus','Male','Ancient','Brontosaurus','Dinosaur'),(57,'Headless Horsemen of Sleepy Hollow','Male','Ghost','Headless','Human'),(58,'Skeleton Stage Driver','Male','Ghost','Phantom','Human'),(59,'The Ghost of Bigfoot','Male','Ghost','Half-Human','Big Foot'),(60,'Ghost of the Red Baron','Male','Ghost','Pilot','Human'),(61,'Ghost of Redbeard\'s crew','Male','Ghost','Pirate','Human'),(62,'Haunted Horseman','Male','Ghost','Horseman','Human'),(63,'Moat Monster','Male','Animal','Amphibian','Frog'),(64,'Possessed Viking Mannequin','Male','Possessed Object','Viking','Human'),(65,'Possessed Davy Crockett Mannequin','Male','Possessed Object','Soldier','Human'),(66,'Dryad','Male','Mythical','Tree','Dryad'),(67,'Troll','Male','Mythical','Humanoid','Troll'),(68,'Sea Serpent','Male','Mythical','Sea-Monster','Serpent'),(69,'Ghost of Paul Revere','Male','Ghost','Phantom','Human'),(70,'Minuteman Ghost','Male','Ghost','Phantom','Human'),(71,'Redcoat Ghost','Male','Ghost','Phantom','Human'),(72,'Hooded Ghosts','Male','Ghost','Phantom','Human'),(73,'Ghost of Injun Joe','Male','Ghost','Phantom','Human'),(74,'Ghost of Captain Scavenger','Male','Ghost','Phantom','Human'),(75,'Jadal','Male','Mythical','Phantom','Genie'),(76,'Spirit of Fireball McPhan','Male','Ghost','Phantom','Human'),(77,'Cat Creature','Male','Animal','Humanoid','Human'),(78,'Frankenstein','Male','Undead','Frankenstein\'s Monster','Human'),(79,'Creepy Man','Male','Disguised','Creepy','Human'),(80,'Ghost Bird','Male','Animal','Headless','Bird'),(81,'Unknown Exterminator','Male','Disguise','Exterminator','Human'),(82,'Ghostly Man','Male','Ghost','Phantom','Human'),(83,'Invisible Couple','Male','Ghost','Phantom','Human'),(84,'Sea Monster','Male','Animal','Sea-Monster','Fish'),(85,'Windmakers','Male','Disguised','Hooded','Human'),(86,'Green Globs','Male','Possessed Object','Humanoid','Human'),(87,'Ghostly Strongman','Male','Ghost','Phantom','Human'),(88,'Specter of Ebenezer Crabbe','Male','Ghost','Phantom','Human'),(89,'Ghost of Netty Crabbe','Female','Ghost','Phantom','Human'),(90,'Ghost of King Katazuma','Male','Ghost','Phantom','Human'),(91,'Aztec Statue Monster','Male','Possessed Object','Statue','Human'),(92,'Ghost of Gator Ghoul','Male','Ghost','Amphibian','Alligator'),(93,'10000 Volt Ghost','Male','Ghost','Electric','Human'),(94,'Headless Horseman','Male','Ghost','Headless','Human'),(95,'Ghost of Merlin','Male','Ghost','Witch','Human'),(96,'Black Knight','Male','Possessed Object','Witch','Human'),(97,'Ghost of Dr. Coffin','Male','Ghost','Phantom','Human'),(98,'No-Face Zombie','Male','Undead','Zombie','Human'),(99,'Gorilla','Male','Animal','Beast','Gorilla'),(100,'Mamba Wamba','Male','Ghost','Witch Doctor','Human'),(101,'Zombie Lila','Female','Undead','Zombie','Human'),(102,'Mamba Zombie','Male','Undead','Zombie','Human'),(103,'Demon','Male','Mythical','Demon','Demon'),(104,'Tamuka the Ghost Bull','Male','Ghost','Beast','Bull'),(105,'Medicine Man Ghost','Male','Ghost','Witch Doctor','Human'),(106,'Talking Bull','Male','Animal','Beast','Bull'),(107,'Demon Shark','Male','Mythical','Demon','Shark'),(108,'Ghost of Captain Pescado','Male','Ghost','Pirate','Human'),(109,'Kelp Monster','Male','Plant','Humanoid','Kelp'),(110,'Octopus Monster','Male','Animal','Octopus','Octopus'),(111,'Rambling Ghost','Male','Ghost','Athlete','Human'),(112,'Strawberry Technicolor Phantom','Male','Ghost','Phantom','Human'),(113,'Chocolate Technicolor Phantom','Male','Ghost','Phantom','Human'),(114,'Vanilla Technicolor Phantom','Male','Ghost','Phantom','Human'),(115,'Ghost of Benedict Arnold','Male','Ghost','Statue','Human'),(116,'Ghost of William Demont','Male','Ghost','Statue','Human'),(117,'Ghost of Major Andre','Male','Ghost','Statue','Human'),(118,'Viking Ghost','Male','Ghost','Viking','Human'),(119,'Gramps the Vamp','Male','Undead','Vampire','Human'),(120,'Pterodactyl Ghost','Male','Ghost','Pterodactyl','Dinosaur'),(121,'Phantom of Milo Booth','Male','Ghost','Phantom','Human'),(122,'Lochness Monster','Female','Animal','Lochness Monster','Lochness Monster'),(123,'Phantom Racer','Male','Ghost','Phantom','Human'),(124,'Ghost of Witch McCoy','Female','Ghost','Witch','Human'),(125,'Futuristic Monster','Male','Animal','Humanoid','Insect'),(126,'Creepy Heap from the Deep','Male','Animal','Sea-Monster','Sea-Monster'),(127,'Soulless Captain Clements','Male','Undead','Possessed','Human'),(128,'Abominable Snowman','Male','Animal','Yeti','Snow-Monster'),(129,'Abominable Snowwoman','Female','Animal','Yeti','Snow-Monster'),(130,'Leprechaun','Male','Mythical','Magician','Leprechaun'),(131,'Prehistoric Dinosaur','Male','Animal','Dinosaur','Dinosaur'),(132,'Willawa','Male','Animal','Owl','Owl'),(133,'Owl Men','Male','Animal','Humanoid','Owl'),(134,'Ghost of Blue Beard','Male','Ghost','Pirate','Human'),(135,'Skeleton Men','Male','Undead','Skeleton','Human'),(136,'Snow Beast','Male','Animal','Beast','Snow-Monster'),(137,'Annabelle','Female','Mythical','Amazonian','Amazonian'),(138,'Vampires','Male','Undead','Vampire','Human'),(139,'Living Trees','Male','Plant','Tree','Tree'),(140,'Monster of the Black Lagoon','Male','Animal','Serpent','Swamp Monster'),(141,'Ghost Witch of Old Salem','Female','Ghost','Witch','Human'),(142,'Tar Monster','Male','Possessed Object','Tar','Creature'),(143,'Giant Squid','Male','Animal','GIant','Squid'),(144,'Ghost of Finnyan McDuff','Male','Ghost','Phantom','Human'),(145,'Loch Ness Monster','Female','Mythical','Loch Ness Monster','Dinosaur'),(146,'Old Iron Face','Male','Disguised','Pirate','Human'),(147,'Jaguaro','Male','Animal','Beast','Jungle-Monster'),(148,'Cat Creature','Male','Animal','Humanoid','Cat'),(149,'Mantis','Male','Animal','Humanoid','Mantis'),(150,'Phantom','Male','Ghost','Musician','Human'),(151,'Moon Monster','Male','Ghost','Demon','Beast'),(152,'Ghostly Gondolier','Male','Ghost','Phantom','Human'),(153,'Ghost of Juan Carlos','Male','Ghost','Phantom','Human'),(154,'Anthos','Male','Ancient','Warlock','Human'),(155,'Devil Hound','Male','Animal','Demon','Hound'),(156,'Beast of Bottomless Lake','Male','Animal','Humanoid','Sea-Monster'),(157,'Blue Scarab','Male','Disguised','Super-Villain','Human'),(158,'Night Ghoul','Male','Undead','Ghoul','Human'),(159,'Alien','Male','Extraterrestrial','Alien','Alien'),(160,'Neon Phantom','Male','Ghost','Phantom','Human'),(161,'Snake Demon','Male','Animal','Demon','Snake'),(162,'Clown','Male','Disguised','Clown','Human'),(163,'Sky Skeleton','Male','Undead','Skeleton','Human'),(164,'Dragon Beast','Male','Mythical','Humanoid','Dragon'),(165,'Devil Bear','Male','Animal','Demon','Bear'),(166,'Sea Beast of the Aztecs','Male','Animal','Humanoid','Sea-Monster'),(167,'Lady Vampire of the Bat','Female','Undead','Vampire','Human'),(168,'Star Creature','Male','Extraterrestrial','Humanoid','Star'),(169,'Shadow Creature','Male','Animal','Humanoid','Creature'),(170,'Ghost of Jeremiah Pratt','Male','Ghost','Phantom','Human'),(171,'Ghost of the Great Haldane','Male','Ghost','Magician','Human'),(172,'Minotaur','Male','Mythical','Minotaur','Minotaur'),(173,'Aliens','Male','Extraterrestrial','Alien','Alien'),(174,'Sylvester','Male','Undead','Vampire','Human'),(175,'Chinese Food Factory Burglar','Male','Disguised','Masked','Human'),(176,'Arabian Magician','Male','Magician','Magician','Human'),(177,'Cat Man','Male','Animal','Humanoid','Cat'),(178,'Pirate','Male','Ancient','Pirate','Human'),(179,'Swamp Witch','Female','Magician','Witch','Human'),(180,'Knight','Male','Ancient','Knight','Human'),(181,'Wax Master','Male','Possessed Object','Statue','Human'),(182,'Evil Trees','Male','Plant','Evil','Tree'),(183,'Caterpillar','Male','Animal','Talking','Caterpillar'),(184,'Cheshire Cat','Male','Animal','Talking','Cat'),(185,'Queen of Hearts','Female','Magician','Queen','Human'),(186,'Lava Monster','Male','Possessed Object','Statue','Lava'),(187,'Alaskan Monster','Male','Animal','Beast','Snow-Monster'),(188,'Rocky Maximus','Male','Ancient','Gladiator','Human'),(189,'Swamp Monster','Male','Animal','Beast','Swamp-Monster'),(190,'Shaggy','Male','Animal','Werewolf','Human'),(191,'Rock Monsters','Male','Possessed Object','Rock','Cave-Monster'),(192,'Wicked Witch of the North by Southeast','Female','Magician','Witch','Human'),(193,'Phantom of the Sewers','Male','Disguised','Phantom','Human'),(194,'Rawhide Red','Male','Mechanical','Robot','Object'),(195,'Enemy Spy','Male','Disguised','Spy','Human'),(196,'Pleasure Island Man','Male','Magician','Trickster','Human'),(197,'Pirate','Male','Ghost','Pirate','Human'),(198,'Sheet Ghost','Male','Ghost','Phantom','Human'),(199,'Centaur','Male','Animal','Centaur','Centaur'),(200,'Merlin','Male','Magician','Wizard','Human'),(201,'Jasper','Male','Animal','Giant','Frog'),(202,'Dragon','Male','Mythical','Dragon','Dragon'),(203,'Pat O\'Wiley','Male','Mythical','Leprechaun','Leprechaun'),(204,'Madame Olga','Female','Magician','Witch','Human'),(205,'Red Baron','Male','Ancient','Pilot','Human'),(206,'T-Rex','Male','Animal','Dinosaur','Dinosaur'),(207,'Toy Gorilla','Male','Mechanical','Toy','Gorilla'),(208,'Plutonian','Male','Extraterrestrial','Alien','Hound'),(209,'Dr. Wolf','Male','Animal','Werewolf','Human'),(210,'Vampire Foreman','Male','Undead','Vampire','Human'),(211,'Carnivorous Plants','Male','Plant','Giant','Venus Fly Trap'),(212,'Bigfoot','Male','Animal','Humanoid','Bigfoot'),(213,'Giant','Male','Mythical','Giant','Human'),(214,'Catfish Burglar','Male','Disguised','Masked','Human'),(215,'Gargoyle','Male','Possessed Object','Statue','Gargoyle'),(216,'Medusa','Female','Mythical','Gorgon','Human'),(217,'Sea Creature','Male','Animal','Humanoid','Sea-Monster'),(218,'Octopus Monster','Male','Animal','Giant','Octopus'),(219,'Slime Boy','Male','Disguised','Slime','Human'),(220,'Jasmine','Female','Mythical','Phantom','Genie'),(221,'Alien Scavenger Hunter','Male','Extraterrestrial','Teen','Alien'),(222,'Alien Scavenger Hunter','Female','Extraterrestrial','Teen','Alien'),(223,'Cat Lady','Female','Animal','Cat','Human'),(224,'Wonga','Male','Ancient','Caveman','Human'),(225,'Scooby-Doo','Male','Animal','Werewolf','Hound'),(226,'Abominable Snowman','Male','Animal','Humanoid','Snow-Monster'),(227,'Olaf the Terrible','Male','Ancient','Viking','Human'),(228,'Great White Shark','Male','Animal','Shark','Shark'),(229,'Seaweed Monster','Male','Plant','Seaweed','Sea-Monster'),(230,'Face in the Fireplace','Male','Ghost','Phantom','Human'),(231,'Ghosts Under the Bed','Male','Ghost','Phantom','Human'),(232,'Living Animal Heads','Male','Undead','Head','Beast'),(233,'Skeleton','Female','Undead','Skeleton','Human'),(234,'Living Statue','Male','Possessed Object','Statue','Human'),(235,'Organ Playing Ghost','Male','Ghost','Phantom','Human'),(236,'Mud Monster','Male','Possessed Object','Humanoid','Mud'),(237,'Hound of the Barkervilles','Male','Animal','Werewolf','Hound'),(238,'Dinosaur','Male','Animal','Dinosaur','Dinosaur'),(239,'Creature from Chem Lab','Male','Possessed Object','Humanoid','Chem'),(240,'Masked Manx','Male','Animal','Humanoid','Gorilla'),(241,'Randar the Ape Man','Male','Animal','Humanoid','Ape'),(242,'Mobotsu','Male','Animal','Giant','Ape'),(243,'Maid Zombie','Female','Undead','Possessed','Human'),(244,'Barney Zombie','Male','Undead','Possessed','Human'),(245,'Tourist Zombie','Male','Undead','Possessed','Human'),(246,'Amy Zombie','Female','Undead','Possessed','Human'),(247,'Neanderthal Monster of Devil\'s Rock','Male','Animal','Humanoid','Beast'),(248,'Tower Wizard','Male','Magician','Wizard','Human'),(249,'Yadzruck','Male','Animal','Humanoid','Yadzruck'),(250,'Phantom of the Soaps','Male','Ghost','Phantom','Human'),(251,'Ghost of Casey O\'Reilly','Male','Ghost','Phantom','Human'),(252,'Gremlin','Male','Mythical','Gremlin','Gremlin'),(253,'Specter of the Sports Cars','Male','Ghost','Phantom','Human'),(254,'Dracula\'s Wife','Female','Undead','Vampire','Human'),(255,'Dracula Jr.','Male','Animal','Werewolf','Human'),(256,'Ghost of Chef Maras','Male','Ghost','Chef','Human'),(257,'Ghost of McBaggy Rodgers','Male','Ghost','Phantom','Human'),(258,'Red Skull','Male','Disguised','Skull','Human'),(259,'Maid Mummy','Female','Undead','Mummy','Human'),(260,'Helping Hands','Male','Possessed Object','Gloves','Object'),(261,'Sea Demon','Male','Animal','Humanoid','Sea-Monster'),(262,'Cyclops','Male','Mythical','Cyclops','Human'),(263,'Master Mind','Male','Super-Villain','Genius','Human'),(264,'Giant Bees','Male','Animal','Giant','Bee'),(265,'Ghost of Ebenezer Overview','Male','Ghost','Phantom','Human'),(266,'Zombies','Male','Undead','Zombie','Human'),(267,'Evil Elf','Male','Mythical','Elf','Elf'),(268,'Mad Sea Lion','Male','Animal','Sea Lion','Sea Lion'),(269,'Ghost of Dr. Van Helsing','Male','Ghost','Phantom','Human'),(270,'Ghost of Abraham Lincoln','Male','Ghost','President','Human'),(271,'Ghost of George Washington','Male','Ghost','President','Human'),(272,'Ghost of Ulysses S. Grant','Male','Ghost','President','Human'),(273,'Ghost of Theodore Roosevelt','Male','Ghost','President','Human'),(274,'Ghost of Colonel Beauregard','Male','Ghost','Phantom','Human'),(275,'Ghost of Sherlock Holmes','Male','Ghost','Detective','Human'),(276,'Monster Mutt','Male','Animal','Super-Villain','Hound'),(277,'Monster Mouse','Male','Animal','Giant','Mouse'),(278,'Ghost of Christmas Never','Male','Ghost','Phantom','Human'),(279,'Bogle','Male','Ghost','Phantom','Cartoon'),(280,'Weerd','Male','Ghost','Phantom','Cartoon'),(281,'Ghoulio','Male','Undead','Vampire','Human'),(282,'Werewolfs','Male','Animal','Werewolf','Human'),(283,'Werewolf Daphnie','Female','Animal','Werewolf','Human'),(284,'Maldore the Malevolent','Male','Mythical','Demon','Demon'),(285,'Evil Tree','Male','Plant','Evil','Tree'),(286,'Rat Gaurds','Male','Animal','Giant','Rat'),(287,'Shadow Demon','Male','Mythical','Shadow','Demon'),(288,'Griswald','Male','Animal','Giant','Spider'),(289,'Queen Morbidia','Female','Magician','Vampire','Human'),(290,'Reflector Specter','Male','Mythical','Mirror','Demon'),(291,'Zomba','Female','Mythical','Demon','Demon'),(292,'Dr. Frankscoob\'s Monster','Male','Undead','Frankenstein\'s Monster','Human'),(293,'Bogel','Male','Ghost','Phantom','Cartoon'),(294,'Captain Ghost','Male','Ghost','Phantom','Human'),(295,'Ghosts on the Ship','Male','Ghost','Phantom','Human'),(296,'Tornado','Male','Mythical','Tornado','Demon'),(297,'Nekara','Female','Magician','Witch','Human'),(298,'Nekara\'s Minions','Male','Ghost','Phantom','Human'),(299,'Marcella','Female','Magician','Witch','Human'),(300,'Helda Brewski','Female','Magician','Witch','Human'),(301,'Ernestine Brewski','Female','Magician','Witch','Human'),(302,'Wanda Brewski','Female','Magician','Witch','Human'),(303,'Time Slime','Male','Magician','Wizard','Human'),(304,'Bogel','Male','Ghost','Phantom','Human'),(305,'Weerd','Male','Ghost','Phantom','Human'),(306,'Demondo','Male','Mythical','Demon','Demon'),(307,'Rankor','Male','Undead','Vampire','Goblin'),(308,'Head of S.A.P.S.','Male','Ghost','Demon','Demon'),(309,'Living Plants','Male','Plant','Flower','Flower'),(310,'Porff. Phantazmo','Male','Magician','Warlock','Human'),(311,'Zimbulu','Male','Mythical','Demon','Demon'),(312,'Boris Kreepoff','Male','Undead','Zombie','Human'),(313,'Sludge Monster from the Earth\'s Croe','Male','Possessed Object','Sludge','Sludge-Monster'),(314,'Dr. Croaker','Male','Animal','Humanoid','Frog'),(315,'Cheese Monster','Male','Possessed Object','Humanoid','Cheese'),(316,'Ghost of Al Cabone','Male','Ghost','Phantom','Human'),(317,'Boogedy Bones','Male','Undead','Zombie','Human'),(318,'Ice Demon','Male','Possessed Object','Humanoid','Ice'),(319,'Samurai Ghost','Male','Ghost','Samurai','Human'),(320,'Headless Skateboarder','Male','Undead','Headless','Human'),(321,'Boobeard','Male','Ghost','Pirate','Human'),(322,'Totem Spirit','Male','Possessed Object','Statue','Totem'),(323,'Ghost of Chef Pierre Goulash','Male','Ghost','Chef','Human'),(324,'Stinkweed','Male','Plant','Humanoid','Plant-Monster'),(325,'Ghost of Buster McMutt Mauler','Male','Ghost','Phantom','Human'),(326,'Ghost of Purvis Parker','Male','Undead','Skeleton','Human'),(327,'Chickenstein','Male','Undead','Frankenstein\'s Monster','Chicken'),(328,'Burger Monster','Male','Possessed Object','Burger','Burger'),(329,'Dinkley 2000','Male','Mechanical','Humanoid','Computer'),(330,'Ghost of Zombo','Male','Ghost','Clown','Human'),(331,'Boogey Biker','Male','Undead','Skeleton','Human'),(332,'Astronaut Ghost','Male','Ghost','Astronaut','Human'),(333,'Bigwig','Male','Possessed Object','Humanoid','Hair'),(334,'Ghost of the Hooded Heifer','Male','Ghost','Wrestler','Human'),(335,'Nasty-Doo','Male','Animal','Hound','Hound'),(336,'Ghost of Mrs. Shusham','Female','Ghost','Librarian','Human'),(337,'Moving Mollusk','Male','Animal','Giant','Snail'),(338,'Snow Creature','Male','Animal','Humanoid','Ice-Monster'),(339,'Dinosaur Spirit','Male','Animal','Spirit','Dinosaur'),(340,'The Alien','Male','Extraterrestrial','Alien','Alien'),(341,'Ghost of the Leland Brothers','Male','Ghost','Soldier','Human'),(342,'The Mystery Machine','Female','Possessed Object','Car','Vehicle'),(343,'Ghost of Rufus Raucaus','Male','Ghost','Phantom','Human'),(344,'Roller Ghoster','Male','Animal','Humanoid','Beast'),(345,'Jungle Demons','Male','Animal','Demon','Animal'),(346,'Motoshondu','Female','Animal','Serpent','Sea-Monster'),(347,'Headless Snowman','Male','Possessed Object','Headless','Snow-Man'),(348,'Spaceman Swintons','Male','Mechanical','Humanoid','Toy'),(349,'Annabel Action Figure','Female','Mechanical','Humanoid','Toy'),(350,'Other Toys','Male','Mechanical','Toy','Toy'),(351,'Faceless Phantom','Male','Ghost','Phantom','Human'),(352,'Undead','Male','Ancient','Gladiator','Human'),(353,'Baseball Specter','Male','Ghost','Specter','Human'),(354,'Ancient One','Male','Magician','Mystic','Human'),(355,'30 Foot Shaggy','Male','Animal','Giant','Human'),(356,'Mummy of Pharaoh Scamses','Male','Undead','Mummy','Human'),(357,'Zombies','Female','Undead','Zombie','Human'),(358,'Zombie Fred','Male','Undead','Zombie','Human'),(359,'Zombie Daphnie','Female','Undead','Zombie','Human'),(360,'Zombie Velma','Female','Undead','Zombie','Human'),(361,'Gusano Grande','Male','Animal','Giant','Worm'),(362,'Jeevens','Male','Mechanical','Robot','Robot'),(363,'Shari','Female','Mechanical','Computer','Computer'),(364,'Baron Fortescu','Male','Undead','Vampire','Human'),(365,'Scarecrows','Male','Possessed Object','Scarecrow','Human'),(366,'Ghost of Hank Banning','Male','Ghost','Phantom','Human'),(367,'San Franpsycho','Male','Ancient','Convict','Human'),(368,'Invisible Man','Male','Disguised','Invisible','Human'),(369,'Scooby Snack Monster','Male','Possessed Object','Humanoid','Scooby Snack'),(370,'Glasburgh Dragon','Male','Mythical','Dragon','Dragon'),(371,'Fish Creature','Male','Animal','Humanoid','Fish'),(372,'Wakumi','Male','Animal','Giant','Bird'),(373,'Shaman','Male','Ancient','Shaman','Human'),(374,'Centaur','Male','Mythical','Beast','Centaur'),(375,'Creepy Keeper','Male','Undead','Lighthouse Keeper','Human'),(376,'Skeleton Crew','Male','Undead','Skeleton','Human'),(377,'Sheriff','Male','Mechanical','Cowboy','Human'),(378,'Cold Steel','Male','Mechanical','Cowboy','Human'),(379,'Other Robot Cowboys','Male','Mechanical','Cowboy','Human'),(380,'Clone Fred','Male','Mechanical','Clone','Human'),(381,'Clone Daphnie','Female','Mechanical','Clone','Human'),(382,'Clone Velma','Female','Mechanical','Clone','Human'),(383,'Clone Shaggy','Male','Mechanical','Clone','Human'),(384,'Clone Scooby','Male','Mechanical','Clone','Human'),(385,'Titanic Twist','Male','Undead','Deformed','Human'),(386,'Demon Farmer','Male','Undead','Farmer','Human'),(387,'Frozen Fiend','Male','Undead','Ice','Human'),(388,'Menacing Metallic Clown','Male','Mechanical','Clown','Human'),(389,'Toxic Terror','Male','Possessed Object','Humanoid','Toxic'),(390,'Skeleton Driver','Male','Undead','Skeleton','Human'),(391,'Gold Monster','Male','Possessed Object','Humanoid','Gold'),(392,'Coral Creature','Male','Plant','Humanoid','Coral'),(393,'Sand Monsters','Male','Possessed Object','Sand','Human'),(394,'Osomons','Male','Animal','Little','Osomons'),(395,'Dr. Phineus Phibes','Male','Super-Villain','Doctor','Human'),(396,'Agent 1','Male','Disguised','Agent','Human'),(397,'Agent 2','Male','Disguised','Agent','Human'),(398,'Agent 3','Male','Disguised','Agent','Human'),(399,'Agent 4','Male','Disguised','Agent','Human'),(400,'Agent 5','Male','Disguised','Agent','Human'),(401,'Agent 6','Male','Disguised','Agent','Human'),(402,'Agent 7','Male','Disguised','Agent','Human'),(403,'Agent 8','Male','Disguised','Agent','Human'),(404,'Agent 9','Male','Disguised','Agent','Human'),(405,'Agent 10','Male','Disguised','Agent','Human'),(406,'Agent 11','Male','Disguised','Agent','Human'),(407,'Agent 12','Male','Disguised','Agent','Human'),(408,'Agent 13','Male','Disguised','Agent','Human'),(409,'Dr. Trebal','Male','Dr. Trebal','Doctor','Human'),(410,'Misty Swiss','Male','Super-Villain','Agent','Human'),(411,'Dr. Trebla','Male','Super-Villain','Doctor','Human'),(412,'A.R.T.','Male','Mechanical','Robot','Object'),(413,'Kevin','Male','Mechanical','Computer','Object'),(414,'Mark','Male','Super-Villain','Nerd','Human'),(415,'Ricky','Male','Super-Villain','Nerd','Human'),(416,'Bruce','Male','Super-Villain','Poacher','Human'),(417,'Brucey','Male','Super-Villain','Poacher','Human'),(418,'Chef Suki Sukihari','Male','Super-Villain','Chef','Human'),(419,'Dr. Speed','Male','Super-Villain','Doctor','Human'),(420,'Agent','Male','Disguised','Agent','Human'),(421,'4','Male','Disguised','Agent','Human'),(422,'Menace','Male','Super-Villain','Wrestler','Human'),(423,'Mr. Invisible','Male','Super-Villain','Invisible','Human'),(424,'Cat Lady','Female','Super-Villain','Super-Villain','Human'),(425,'Dr Trebla','Male','Super-Villain','Doctor','Human'),(426,'Agent 12','Male',' Disguised','Agent','Human'),(427,'Agent 13','Male',' Disguised','Agent','Human'),(428,'Clown Phibes','Male','Super-Villain','Clown','Human'),(429,'Evil Phibes','Male','Super-Villain','Doctor','Human'),(430,'Peekaboo Phibes','Male','Super-Villain','Playful','Human'),(431,'Rusty','Male','Animal','Werewolf','Human'),(432,'Bacon','Male','Animal','Pig','Pig'),(433,'Frankenstein','Male','Undead','Frankenstin\'s Monster','Human'),(434,'Swamp Monster','Male','Animal','Swamp Monster','Swamp-Monster'),(435,'Agent 2','Male','Disugised','Agent','Human'),(436,'Menace','Male','Animal','Bull','Bull'),(437,'Super Bulls','Male','Animal','Giant','Rooster'),(438,'Zoinks','Male','Mechanical','Dog','Robot'),(439,'Groovy Don','Male','Mechanical','Hippy','Robot'),(440,'Agent 21','Male','Disguised','Agent','Human'),(441,'Agent 44','Male','Disguised','Agent','Human'),(442,'Agent 89','Male','Disguised','Agent','Human'),(443,'Slime Mutant','Male','Possessed Object','Slime','Slime-Monster'),(444,'Creeping Creatures','Male','Animal','Humanoid','Alligator'),(445,'Creeping Creatures','Female','Animal','Humanoid','Alligator'),(446,'Ghost Truck','Male','Possessed Object','Truck','Truck'),(447,'Man-Crab','Male','Animal','Humanoid','Crab'),(448,'Que Horrifico','Male','Ancient','Pupeteer','Human'),(449,'Spookified Kids','Male','Possessed','Kid','Human'),(450,'Ghost Girl','Female','Ghost','Ghost','Human'),(451,'Gnome','Male','Mythical','Gnome','Human'),(452,'Green Humungonaut','Male','Animal','Humanoid','Ape'),(453,'Red Humungonaut','Male','Animal','Humanoid','Ape'),(454,'Fright Hound','Male','Mechanical','Robot','Hound'),(455,'Vampire','Female','Undead','Vampire','Human'),(456,'Char Gar Gothakon','Male','Extraterrestrial','Humanoid','Squid'),(457,'Cicada Creature','Male','Animal','Insect','Cicada'),(458,'Lord Infernicus','Male','Undead','Skeleton','Human'),(459,'Shadowy Orc','Male','Mythical','Orc','Orc'),(460,'Aphrodite','Female','Mythical','Pupeteer','Human'),(461,'Danny Darrow','Male','Ancient','Hermit','Human'),(462,'White Wizard','Male','Magician','Wizard','Human'),(463,'Nightfright','Male','Mythical','Demon','Demon'),(464,'Fish Freaks','Male','Animal','Humanoid','Fish'),(465,'Manticore','Male','Mythical','Manticore','Manticore'),(466,'Headless Horror','Male','Ancient','Humanoid','Jungle-Monster'),(467,'Shadowy Figure','Male','Ghost','Shadow','Human'),(468,'Ghost of Dead Justice','Male','Ghost','Sheriff','Human'),(469,'Obliteratrix','Female','Undead','Assassin','Human'),(470,'Freak of Crystal Cove','Male','Ancient','Humanoid','Beast'),(471,'Crybaby Clown','Male','Disguised','Clown','Human'),(472,'Baba Yaga House','Male','Possessed Object','House','House'),(473,'Baba Yaga','Female','Magician','Witch','Human'),(474,'Dreamweaver','Male','Magician','Wizard','Human'),(475,'Hodag of Horror','Male','Animal','Beast','Beast'),(476,'Junk','Male','Mechanical','Trash','Trash'),(477,'Graveyard Ghoul','Male','Undead','Ghoul','Human'),(478,'Dark Lilith','Female','Mythical','Demon','Demon'),(479,'Hebediah Grim','Male','Undead','Zombie','Human'),(480,'Fiend','Male','Mythical','Anubis','Human'),(481,'Kriegstaffebot','Male','Mechanical','Soldier','Robot'),(482,'Ghost of Abigail Gluck','Female','Ghost','Ghost','Human'),(483,'Scarebear','Male','Animal','Mutant','Bear'),(484,'Krampus','Male','Mythical','Beast','Krampus'),(485,'Dragon','Male','Mechanical','Dragon','Dragon'),(486,'Mummy of Friar Serra','Male','Undead','Mummy','Human'),(487,'Grey Alien','Male','Extraterrestrial','Alien','Alien'),(488,'Reptiod','Male','Animal','Humanoid','Reptile'),(489,'Nordic Alien','Female','Extraterrestrial','Alien','Alien'),(490,'Skull Cattles','Male','Undead','Skeleton','Bull'),(491,'Skull Cattle Queen','Female','Undead','Skeleton','Bull'),(492,'Rude Boy and the Ska-Tastics','Male','Undead','Zombie','Human'),(493,'Gluton Demon','Male','Mythical','Demon','Demon'),(494,'Dandy Highwayman','Male','Disguised','Highwayman','Human'),(495,'Evil Fred','Male','Disguised','Clone','Human'),(496,'Evil Daphnie','Female','Disguised','Clone','Human'),(497,'Monstrous Freak','Male','Animal','Humanoid','Beast'),(498,'Priestess','Female','Magician','Shaman','Human'),(499,'Evil Entity','Male','Mythical','Evil','Element'),(500,'Minions','Male','Ancient','Humanoid','Human'),(501,'Ghost of Elias Kingston','Male','Ghost','Ghost','Human'),(502,'Spirit of the Zatari Warrior','Male','Ancient','Spirit','Human'),(503,'Ghost of Chip Braverton','Male','Ghost','Ghost','Human'),(504,'Sobek','Male','Mythical','Humanoid','Crocodile'),(505,'Crystal Crawler','Male','Animal','Humanoid','Cave-Monster'),(506,'Headless Count','Male','Undead','Headless','Human'),(507,'Ghost of the Prima Donna','Female','Ghost','Ghost','Human'),(508,'Yeti','Male','Animal','Yeti','Yeti'),(509,'Butler 3000','Male','Mechanical','Robot','Robot'),(510,'Pterodactyl','Male','Ancient','Dinosaur','Pterodactyl'),(511,'Ghost of Stealin\' Stan','Male','Ghost','Prisoner','Human'),(512,'Sorcerer','Male','Magician','Sorcerer','Human'),(513,'Swamp Monster','Male','Plant','Humanoid','Swamp-Monster'),(514,'Snow Monster','Male','Possessed Object','Snow-Man','Snow-Man'),(515,'Giant','Male','Mythical','Giant','Cyclops'),(516,'Scarecrow','Male','Possessed Object','Humanoid','Scarecrow'),(517,'Ghost of the Cliff Bride','Female','Undead','Zombie','Human'),(518,'Spirit of El Bandito','Male','Undead','Skeleton','Human'),(519,'Madcap the Killer Clown','Male','Disguised','Clown','Human'),(520,'Viking Ghosts','Male','Ghost','Viking','Human'),(521,'Toxic Mutant','Male','Undead','Mutant','Human'),(522,'Dorsal Foot','Male','Animal','Humanoid','Shark'),(523,'Jester Monster','Male','Disguised','Jester','Human'),(524,'Vampire','Male','Undead','Vampire','Human'),(525,'Houndbeast','Male','Animal','Beast','Hound'),(526,'Grim Reaper','Male','Undead','Skeleton','Human'),(527,'Tengu','Male','Mythical','Humanoid','Chicken'),(528,'Tarasque','Male','Mythical','Humanoid','Turtle'),(529,'Tzitzimitl','Female','Magician','Shaman','Human'),(530,'Manticore','Male','Mythical','Beast','Manticore'),(531,'Haniver','Male','Mythical','Beast','Beast'),(532,'Hemogoblin','Male','Mythical','Goblin','Goblin'),(533,'Kaniaku','Male','Animal','Demon','Crab'),(534,'Ghost of Amos Littlefield','Male','Ghost','Ghost','Human'),(535,'Ghost of Jacob Marley','Male','Ghost','Ghost','Human'),(536,'Ghost of Christmas Past','Female','Ghost','Ghost','Human'),(537,'Ghost of Christmas Present','Male','Ghost','Ghost','Human'),(538,'Ghost of Christmas Future','Male','Ghost','Ghost','Human'),(539,'Space Kook','Male','Extraterrestrial','Humanoid','Alien'),(540,'Ghost of Mother','Female','Undead','Zombie','Human'),(541,'Ghost of Archie Barnes','Male','Ghost','Ghost','Human'),(542,'Mutant Rabbit','Male','Animal','Giant','Rabbit'),(543,'Arachne','Female','Mythical','Humanoid','Spider'),(544,'Plant Monster','Male','Plant','Humanoid','Bush'),(545,'Minus','Male','Disguised','Mutant','Human'),(546,'Ice Man','Male','Ancient','Caveman','Human'),(547,'Trash Monster','Male','Mechanical','Robot','Robot'),(548,'Ghost Chef','Male','Ghost','Chef','Human'),(549,'Demon of Salem','Male','Mythical','Demon','Demon'),(550,'Professor Huh?','Male','Disguised','Random','Human'),(551,'Pizza O\'Possum','Male','Mechanical','Robot','Rat'),(552,'Half-Beard\'s Ghost','Male','Ghost','Pirate','Human'),(553,'Swamp Monster','Male','Animal','Humanoid','Swamp-Monster'),(554,'Civil War Zombie Ghosts','Male','Ghost','Soldier','Human'),(555,'Fish Monster','Male','Animal','Humanoid','Fish'),(556,'Screaming Skulls of London','Male','Ghost','Skulls','Skull'),(557,'Cat Mummy','Male','Undead','Mummy','Cat'),(558,'Ghost of Madds Markson','Male','Undead','Ghost','Human'),(559,'Madds Markson Monster','Male','Animal','Mutant','Bunny'),(560,'Technomancer','Male','Magician','Technomancer','Human'),(561,'Spectral Speedster','Male','Ghost','Humanoid','Monster'),(562,'Dinosaur','Male','Animal','Allosaurus','Dinosaur'),(563,'Dinosaur','Male','Animal','Ceratosarus','Dinosaur'),(564,'Sia Doppelganger','Female','Disguised','Sia','Human'),(565,'Pazzo the Ghost Clown','Male','Ghost','Clown','Human'),(566,'Man-Bat','Male','Animal','Humanoid','Bat'),(567,'Nightmare Ghost','Male','Ghost','Nightmare','Human'),(568,'Fox Monster','Male','Animal','Giant','Fox'),(569,'Miner Forty-Niner','Male','Ancient','Miner','Human'),(570,'Ghost of Captain Cutler','Male','Ghost','Suit','Human'),(571,'Snow Ghost','Male','Animal','Ghost','Snow-Monster'),(572,'Back Knight','Male','Possessed Object','Suit','Object'),(573,'Witch Doctor','Male','Magician','Shaman','Human'),(574,'Creeper','Male','Undead','Zombie','Human'),(575,'Giant Teddy Bear','Male','Possessed Object','Giant','Teddy Bear'),(576,'Ghost of the Doom Bringer','Male','Possessed Object','Suit','Suit'),(577,'Gator Man Monster','Male','Animal','Humanoid','Alligator'),(578,'Fire Monster of Mount Etna','Male','Animal','Humanoid','Fire-Monster'),(579,'Crazy Carl','Male','Possessed Object','Humanoid','Puppet'),(580,'Ghost of Madame Zobrinsky','Female','Ghost','Ghost','Human'),(581,'Wedding Witch of Wainsly Hall','Female','Magician','Witch','Human'),(582,'Chronobeast','Male','Animal','Humanoid','Chronobeast'),(583,'Robo Dooby Doo','Male','Mechanical','Robot','Hound'),(584,'Ghost of Ester Moonkiller','Female','Ghost','Ghost','Human'),(585,'Tardigrade Monster','Male','Animal','Giant','Tardigrade'),(586,'Ghost of Tallis Taggert','Male','Ghost','Captain','Human'),(587,'Ghost of Jean Lebeau','Male','Ghost','Prisoner','Human'),(588,'Phineas Phrag Monster','Male','Animal','Humanoid','Beast'),(589,'Gnarled One','Male','Plant','Living','Tree'),(590,'Frankenfooder Monster','Male','Possessed Object','Humanoid','Fruit'),(591,'Elevator Operator Ghost','Male','Ghost','Ghost','Human'),(592,'Snow Devil','Male','Animal','Yeti','Yeti'),(593,'Robot','Male','Mechanical','Robot','Robot'),(594,'Ghost of Charles M. Thraber','Male','Ghost','Ghost','Human'),(595,'Zombie Mascot','Male','Undead','Zombie','Yak'),(596,'Hyde Monster','Male','Disguised','Split-Personality','Human'),(597,'Giant Manta Ray','Male','Animal','Giant','Manta Ray'),(598,'Mud Men','Male','Possessed Object','Humanoid','Mud'),(599,'Max Kilobyte','Male','Mechanical','Genius','Robot');

--
-- Table structure for table `Settings`
--

DROP TABLE IF EXISTS `Settings`;
/*!40101 SET @saved_cs_client     = @@character_set_client */;
/*!50503 SET character_set_client = utf8mb4 */;
CREATE TABLE `Settings` (
  `setting_id` int NOT NULL AUTO_INCREMENT,
  `setting_terrain` text,
  `setting_place` varchar(60) DEFAULT NULL,
  PRIMARY KEY (`setting_id`),
  UNIQUE KEY `Settings_setting_id_uindex` (`setting_id`),
  KEY `Settings_setting_place_index` (`setting_place`)
) ENGINE=InnoDB AUTO_INCREMENT=132 DEFAULT CHARSET=utf8mb4 COLLATE=utf8mb4_0900_ai_ci;
/*!40101 SET character_set_client = @saved_cs_client */;

--
-- Dumping data for table `Settings`
--

INSERT INTO `Settings` VALUES (1,'Urban','United States'),(2,'Coast','United States'),(3,'Island','United States'),(4,'Cave','California'),(5,'Desert','United States'),(6,'Forest','United States'),(7,'Swamp','United States'),(8,'Ocean','United States'),(9,'Rural','United States'),(10,'Snow','United States'),(11,'Urban','California'),(12,'Jungle','Hawaii'),(13,'Snow','Vermont'),(14,'Urban','Tennessee'),(15,'Rural','Massachusetts'),(16,'Coast','Missouri'),(17,'Desert','Iran'),(18,'Forest','California'),(19,'Rural','Mississippi'),(20,'Rural','Mexico'),(21,'Swamp','Georgia'),(22,'Forest','Canada'),(23,'Urban','Washington'),(24,'Rural','Texas'),(25,'Urban','Washington D.C.'),(26,'Mountain','Switzerland'),(27,'Urban','Japan'),(28,'Coast','Mexico'),(29,'Urban','England'),(30,'Mountain','United States'),(31,'Swamp','Florida'),(32,'Urban','Hong Kong'),(33,'Desert','Africa'),(34,'Rural','Scotland'),(35,'Rural','France'),(36,'Rural','Australia'),(37,'Rural','Greece'),(38,'Rural','Missouri'),(39,'Urban','Italy'),(40,'Rural','North Carolina'),(41,'Desert','Egypt'),(42,'Forest','England'),(43,'Urban','Spain'),(44,'Mountain','Nepal'),(45,'Jungle','India'),(46,'Desert','Israel'),(47,'Jungle','Africa'),(48,'Desert','Arizona'),(49,'Rural','Ireland'),(50,'Island','Hawaii'),(51,'Snow','Norway'),(52,'Snow','Canada'),(53,'Island','French Polynesia'),(54,'Rural','Netherlands'),(55,'Urban','Canada'),(56,'Urban','Iraq'),(57,'Forest','Indian Reserve'),(58,'Snow','Russia'),(59,'Island','Caribbean'),(60,'Island','Bermuda Triangle'),(61,'Urban','New York'),(62,'Urban','Turkey'),(63,'Jungle','Brazil'),(64,'Rural','Romania'),(65,'Rural','New Zealand'),(66,'Cave','Turkey'),(67,'Urban','Louisiana'),(68,'Ocean','Atlantis'),(69,'Desert','Morocco'),(70,'Urban','Poland'),(71,'Jungle','Siam'),(72,'Moon','Moon'),(73,'Urban','China'),(74,'Island','Puerto Rico'),(75,'Coast','Florida'),(76,'Urban','New Jersey'),(77,'Space','Space'),(78,'Desert','Saudi Arabia'),(79,'Mountain','South America'),(80,'Snow','Switzerland'),(81,'Snow','Alaska'),(82,'Desert','Mars'),(83,'Rural','Austria'),(84,'Cave','United States'),(85,'Urban','France'),(86,'Rural','England'),(87,'Cave','China'),(88,'Forest','Ireland'),(89,'Forest','Pre-Historic'),(90,'Coast','Norway'),(91,'Island','South America'),(92,'Jungle','Mexico'),(93,'Desert','California'),(94,'Rural','California'),(95,'Forest','Romania'),(96,'Coast','Denmark'),(97,'Island','Greece'),(98,'Snow','Antarctica'),(99,'Urban','Nevada'),(100,'Snow','Tibet'),(101,'Ocean','Bermuda Triangle'),(102,'Jungle','Costa Rica'),(103,'Jungle','Malawi'),(104,'Rural','Italy'),(105,'Desert','Mexico'),(106,'Urban','Ohio'),(107,'Desert','New Mexico'),(108,'Rural','Wisconsin'),(109,'Urban','Russia'),(110,'Rural','Kentukey'),(111,'Coast','Australia'),(112,'Jungle','South America'),(113,'Ocean','Mexico'),(114,'Desert','Texas'),(115,'Swamp','California'),(116,'Coast','California'),(117,'Ocean','California'),(118,'Desert','Nevada'),(119,'Air','United States'),(120,'Swamp','Louisiana'),(121,'Urban','Florida'),(122,'Rural','Pennsylvania'),(123,'Urban','Illinois'),(124,'Urban','Georgia'),(125,'Snow','Pennsylvania'),(126,'Rural','Japan'),(127,'Urban','Pennsylvania'),(128,'Forest','Germany'),(129,'Snow','Austria'),(130,'Mountain','Colorado'),(131,'Urban','Kentucky');

--
-- Table structure for table `Voice_Actors`
--

DROP TABLE IF EXISTS `Voice_Actors`;
/*!40101 SET @saved_cs_client     = @@character_set_client */;
/*!50503 SET character_set_client = utf8mb4 */;
CREATE TABLE `Voice_Actors` (
  `actor_id` int NOT NULL AUTO_INCREMENT,
  `character_name` text,
  `actor_name` varchar(60) NOT NULL,
  PRIMARY KEY (`actor_id`),
  UNIQUE KEY `Voice_Actors_actor_id_uindex` (`actor_id`),
  KEY `Voice_Actors_actor_name_index` (`actor_name`)
) ENGINE=InnoDB AUTO_INCREMENT=18 DEFAULT CHARSET=utf8mb4 COLLATE=utf8mb4_0900_ai_ci;
/*!40101 SET character_set_client = @saved_cs_client */;

--
-- Dumping data for table `Voice_Actors`
--

INSERT INTO `Voice_Actors` VALUES (1,'Fred','Frank Welker'),(2,'Daphne','Stefanianna Christopherson'),(3,'Velma','Nicole Jaffe'),(4,'Shaggy','Casey Kasem'),(5,'Scooby','Don Messick'),(6,'Daphne','Heather North'),(7,'Velma','Pat Stevens'),(8,'Velma','Marla Scott'),(9,'Fred','Carl Steven'),(10,'Daphne','Kellie Martin'),(11,'Velma','Christina Lange'),(12,'Daphne','Grey DeLisle'),(13,'Velma','Mindy Cohn'),(14,'Scooby','Frank Welker'),(15,'Shaggy','Scott Menville'),(16,'Shaggy','Matthew Lillard'),(17,'Velma','Kate Micucci');
/*!40103 SET TIME_ZONE=@OLD_TIME_ZONE */;

/*!40101 SET SQL_MODE=@OLD_SQL_MODE */;
/*!40014 SET FOREIGN_KEY_CHECKS=@OLD_FOREIGN_KEY_CHECKS */;
/*!40014 SET UNIQUE_CHECKS=@OLD_UNIQUE_CHECKS */;
/*!40101 SET CHARACTER_SET_CLIENT=@OLD_CHARACTER_SET_CLIENT */;
/*!40101 SET CHARACTER_SET_RESULTS=@OLD_CHARACTER_SET_RESULTS */;
/*!40101 SET COLLATION_CONNECTION=@OLD_COLLATION_CONNECTION */;
/*!40111 SET SQL_NOTES=@OLD_SQL_NOTES */;

-- Dump completed on 2022-05-10 17:05:50
